[2026-07-23 19:53:33.379] [info]  [EleriumCommunicationLayer] setCfCoreHost called with https://api.curseforge.com.
[2026-07-23 19:53:33.381] [info]  [ConfigurationServiceImpl] Current env: production.
[2026-07-23 19:53:33.392] [info]  [BackgroundController] App version: 1.314.0.36643.
[2026-07-23 19:53:33.393] [info]  [BackgroundController] OS: linux.
[2026-07-23 19:53:33.393] [info]  [BackgroundController] OS version: 7.1.3-arch1-2.
[2026-07-23 19:53:33.393] [info]  [BackgroundController] App startup args: /tmp/.mount_cursefjrD4Ri/curseforge.
[2026-07-23 19:53:33.394] [info]  [BackgroundController] ph%: 57.
[2026-07-23 19:53:33.414] [error] [BackgroundController] Failed subscribing app protocol.
[2026-07-23 19:53:33.761] [info]  [BackgroundController] Electron App Ready. Continuing Initialization....
[2026-07-23 19:53:33.763] [info]  [ClientOverridesImpl] Fetching https://curseforge.overwolf.com/downloads/client-overrides-v2.json ....
[2026-07-23 19:53:34.963] [info]  [AppUpdateServiceImpl] Checking if app has an update which is available locally..
[2026-07-23 19:53:34.963] [info]  [AppUpdateServiceImpl] Checking for available application updates. Current app version is 1.314.0-36643.
[2026-07-23 19:53:36.097] [info]  [AppUpdateStateChangedEventHandler] App update state changed: [object Object].
[2026-07-23 19:53:36.098] [info]  [AppUpdateServiceImpl] No updates are available for the app..
[2026-07-23 19:53:36.491] [info]  [AutoUpdateServiceImpl] Starting auto update service.
[2026-07-23 19:53:36.492] [info]  [AutoUpdateServiceImpl] Auto updater is disabled by configuration.
[2026-07-23 19:53:36.492] [info]  [LoginService] Validating login status.
[2026-07-23 19:53:36.492] [info]  [SessionInfoRepositoryImpl] Loading login tokens from storage.
[2026-07-23 19:53:36.492] [info]  [SessionInfoRepositoryImpl] Missing mandatory tokens. Clearing storage.
[2026-07-23 19:53:36.493] [info]  [SessionInfoRepositoryImpl] Clearing tokens from storage.
[2026-07-23 19:53:36.494] [info]  [LoginService] No login tokens found..
[2026-07-23 19:53:36.495] [info]  [SessionInfoRepositoryImpl] Clearing tokens from storage.
[2026-07-23 19:53:36.496] [info]  [LoginService] Notifying logged out status.
[2026-07-23 19:53:36.496] [info]  [SessionInfoRepositoryImpl] Clearing tokens from storage.
[2026-07-23 19:53:36.497] [error] [LoggedOutEventHandler] Failed to update client session info. Error: Radium API is not ready
[2026-07-23 19:53:36.498] [info]  [GameAuthUsersChangedEventHandler] Minecraft Users info loaded.
[2026-07-23 19:53:36.498] [info]  [LoggedOutEventHandler] User is logged out.
[2026-07-23 19:53:36.499] [info]  [MarketingVideosServiceImpl] Fetching https://mrkt.forgecdn.net/app-vids/onboarding_videos.json ....
[2026-07-23 19:53:36.501] [info]  [AppUpdatePeriodicChecker] Running periodic app update check.
[2026-07-23 19:53:36.502] [info]  [AppUpdateServiceImpl] Checking for available application updates. Current app version is 1.314.0-36643.
[2026-07-23 19:53:36.701] [info]  [AppUpdateStateChangedEventHandler] App update state changed: [object Object].
[2026-07-23 19:53:36.701] [info]  [AppUpdateServiceImpl] No updates are available for the app..
[2026-07-23 19:53:36.701] [info]  [AppUpdatePeriodicChecker] No app update. Scheduling the next update check in 900000 milliseconds.
[2026-07-23 19:53:37.014] [info]  [PluginCommunication] Connecting to Mods Agent.
[2026-07-23 19:53:37.014] [info]  [PluginProcessHost] Starting Mods Agent with ports range 52732-52752.
[2026-07-23 19:53:37.014] [info]  [PluginProcessHost] Launching Mods Agent process /tmp/.mount_cursefjrD4Ri/resources/app.asar.unpacked/plugins/curse/linux/Curse.Agent.Host with args: --port=52732,--to-port=52752,--pid=13736,--appDataPath=/home/arvid/.config/CurseForge,--api-key=cb1009e3-551d-4c3c-97fb-1e33daee8b30,--clientId=Overwolf.
[2026-07-23 19:53:37.206] [info]  [PluginProcessHost] Agent stdout: Starting CurseForge Agent Host.
[2026-07-23 19:53:37.538] [info]  [PluginProcessHost] Agent stdout: Agent Data path is /home/arvid/.config/CurseForge/agent.
[2026-07-23 19:53:37.538] [info]  [PluginProcessHost] Agent stdout: Agent Log path is /home/arvid/.config/CurseForge/agent/logs.
[2026-07-23 19:53:38.728] [info]  [PluginProcessHost] Agent stdout: 07/23/2026 19:53:38 [Info] Server started at ws://127.0.0.1:52732/CurseForge (actual port 52732) .
[2026-07-23 19:53:38.728] [info]  [PluginProcessHost] Mods Agent started. pid: 13858, port: 52732.
[2026-07-23 19:53:38.729] [info]  [RadiumWebsocketClient] Connecting to Mods Agent CurseForge on ports range 52732-52732.
[2026-07-23 19:53:38.739] [info]  [PluginProcessHost] Agent stdout: Mods Agent server started on port 52732.
[2026-07-23 19:53:38.792] [info]  [RadiumWebsocketClient] Connected to mods agent.
[2026-07-23 19:53:38.792] [info]  [RadiumWebsocketClient] Connected to Mods Agent on port 52732.
[2026-07-23 19:53:41.034] [info]  [GamesScanStartedEventHandler] Games scan started. Comprehensive: false.
[2026-07-23 19:53:41.075] [info]  [GamesScanCompletedEventHandler] Games scan completed. Comprehensive: false. Canceled: false.
[2026-07-23 19:53:41.089] [info]  [CoreServiceImpl] Mods agent was initialized successfully.
[2026-07-23 19:53:41.599] [info]  [ElectronApplication] CRN Api is not available.
[2026-07-23 19:53:41.725] [info]  [ReleaseNotesApiImpl] Fetching /1.314.0.36643/release-notes/1 ....
[2026-07-23 19:53:42.150] [info]  [SessionsService] session ended.
[2026-07-23 19:53:48.693] [info]  [EleriumCommunicationLayer] Request - GET v1/categories - params: {"gameId":432,"classesOnly":true}.
[2026-07-23 19:53:48.706] [info]  [EleriumCommunicationLayer] Request - GET v1/categories - params: {"gameId":432}.
[2026-07-23 19:53:48.711] [info]  [MeasurementAppServiceImpl] starting measurement game-dau.
[2026-07-23 19:53:49.944] [info]  [ModpacksAppServiceImpl] Getting game 432 installed modpacks.
[2026-07-23 19:53:49.960] [info]  [MinecraftLoginAppServiceImpl] Get Microsoft Users Info.
[2026-07-23 19:53:50.020] [info]  [MinecraftLoginAppServiceImpl] Get Microsoft User Info.
[2026-07-23 19:53:58.718] [info]  [AnalyticsService] trackDailyUnique is unique: true.
[2026-07-23 19:54:05.913] [info]  [MinecraftSettingsChangedEventHandler] Minecraft settings changed: {"minecraftRoot":"/home/arvid/Documents/curseforge/minecraft","preferredRelease":0,"useDesktopResolution":false,"resolutionWidth":1024,"resolutionHeight":768,"launcherVisibility":0,"gameLaunchMethod":1,"javaVersionsPaths":{"java8":""},"maxMemoryAllocation":4096,"useRecommendedMemoryAllocation":true,"additionalJavaArguments":null,"profileBackups":0,"enableModpackDefaultSettings":false,"minecraftModpackDefaultOptions":{"autoJump":true,"fullscreen":false,"bobView":true,"invertMouse":false,"mouseSensitivity":100,"gamma":50,"renderDistance":12,"fov":70,"guiScale":0,"masterVolume":100,"musicVolume":100,"jukeboxVolume":100,"weatherVolume":100,"blockVolume":100,"hostileVolume":100,"neutralVolume":100,"playerVolume":100,"ambientVolume":100,"voiceVolume":100,"sneakKeyBind":"ShiftLeft","sprintKeyBind":"ControlLeft"},"gameDashboardDisplay":null,"showGameDashboard":false}.
[2026-07-23 19:54:05.920] [info]  [MinecraftLoginAppServiceImpl] Get Microsoft Users Info.
[2026-07-23 19:54:05.922] [info]  [MinecraftLoginAppServiceImpl] Get Microsoft User Info.
[2026-07-23 19:54:10.233] [info]  [MinecraftLoginAppServiceImpl] Starting Microsoft browser login.
[2026-07-23 19:54:10.233] [info]  [MinecraftAuthService] Building browser login URL.
[2026-07-23 19:54:10.236] [info]  [ElectronPlatformServiceImpl] Opening external uri: https://login.microsoftonline.com/consumers/oauth2/v2.0/authorize?**masked** ....
[2026-07-23 19:54:10.242] [info]  [OperationStartedEventHandler] Operation Started, Id: e2847273-aae5-43c5-8508-0862469aed30.
[2026-07-23 19:54:13.961] [info]  [SessionStartedEventHandler] App session started.
[2026-07-23 19:55:09.236] [info]  [NetworkStatusChangedEventHandler] Network Status Changed, Status:Offline.
[2026-07-23 19:55:13.752] [info]  [NetworkStatusChangedEventHandler] Network Status Changed, Status:Offline.
[2026-07-23 19:55:14.005] [info]  [NetworkStatusChangedEventHandler] Network Status Changed, Status:Online.
[2026-07-23 19:56:08.602] [info]  [MinecraftLoginAppServiceImpl] Cancelling login to Minecraft.
[2026-07-23 19:56:08.602] [info]  [MinecraftAuthTokenRequestTimer] MinecraftAuthTokenRequestTimer stopped..
[2026-07-23 19:56:08.603] [info]  [MinecraftLoginAppServiceImpl] Login to Minecraft cancelled successfully.
[2026-07-23 19:56:08.604] [error] [MinecraftAuthService] Failed browser auth. Error: Operation canceled.
[2026-07-23 19:56:08.605] [info]  [MinecraftLoginAppServiceImpl] Getting device code info for game login.
[2026-07-23 19:56:08.606] [info]  [MinecraftAuthService] Getting device code info.
[2026-07-23 19:56:14.813] [info]  [OperationCompletedEventHandler] Operation Completed, Id: e2847273-aae5-43c5-8508-0862469aed30. Outcome: Cancelled.
[2026-07-23 19:56:17.615] [info]  [MinecraftLoginAppServiceImpl] Got device code info for game login.
[2026-07-23 19:56:27.037] [info]  [ElectronPlatformServiceImpl] Opening external uri: https://www.microsoft.com/link ....
[2026-07-23 19:56:27.042] [info]  [OperationStartedEventHandler] Operation Started, Id: 28befe6c-94f7-49a2-8e9d-5613ea680c0b.
[2026-07-23 19:56:27.043] [info]  [MinecraftAuthTokenRequestTimer] MinecraftAuthTokenRequestTimer stopped..
[2026-07-23 19:56:27.043] [info]  [MinecraftAuthTokenRequestTimer] MinecraftAuthTokenRequestTimer started with interval 5000 ms.
[2026-07-23 19:56:32.048] [info]  [MinecraftAuthTokenRequestTimer] Attempting to poll for an access token.
[2026-07-23 19:56:37.051] [info]  [MinecraftAuthTokenRequestTimer] Attempting to poll for an access token.
[2026-07-23 19:56:38.256] [error] [MicrosoftAuthApi] Failed to get access token. Request failed with status code 400. Error: authorization_pending. Error description: AADSTS70016: The provided request has not yet been authorized by the user. The user must input their code. Trace ID: 0b18e7ff-a0ce-4db5-917f-e8d148cd3401 Correlation ID: a9b890d7-e8db-4b88-9deb-33ab7ae5471f Timestamp: 2026-07-23 17:56:55Z. Error Codes: 70016.
[2026-07-23 19:56:38.257] [info]  [MinecraftAuthTokenRequestTimer] Authorization still pending, next check in 5000 ms.
[2026-07-23 19:56:38.268] [error] [MicrosoftAuthApi] Failed to get access token. Request failed with status code 400. Error: authorization_pending. Error description: AADSTS70016: The provided request has not yet been authorized by the user. The user must input their code. Trace ID: 40c0adbc-ec7e-4176-a71b-31aa317b4900 Correlation ID: a9b890d7-e8db-4b88-9deb-33ab7ae5471f Timestamp: 2026-07-23 17:56:55Z. Error Codes: 70016.
[2026-07-23 19:56:38.269] [info]  [MinecraftAuthTokenRequestTimer] Authorization still pending, next check in 5000 ms.
[2026-07-23 19:56:42.056] [info]  [MinecraftAuthTokenRequestTimer] Attempting to poll for an access token.
[2026-07-23 19:56:42.468] [error] [MicrosoftAuthApi] Failed to get access token. Request failed with status code 400. Error: authorization_pending. Error description: AADSTS70016: The provided request has not yet been authorized by the user. The user must input their code. Trace ID: 2a5abc6b-2b5f-403e-83b7-49f4f97d3800 Correlation ID: a9b890d7-e8db-4b88-9deb-33ab7ae5471f Timestamp: 2026-07-23 17:56:59Z. Error Codes: 70016.
[2026-07-23 19:56:42.468] [info]  [MinecraftAuthTokenRequestTimer] Authorization still pending, next check in 5000 ms.
[2026-07-23 19:56:47.059] [info]  [MinecraftAuthTokenRequestTimer] Attempting to poll for an access token.
[2026-07-23 19:56:47.687] [error] [MicrosoftAuthApi] Failed to get access token. Request failed with status code 400. Error: authorization_pending. Error description: AADSTS70016: The provided request has not yet been authorized by the user. The user must input their code. Trace ID: 40c0adbc-ec7e-4176-a71b-31aa7d7d4900 Correlation ID: a9b890d7-e8db-4b88-9deb-33ab7ae5471f Timestamp: 2026-07-23 17:57:04Z. Error Codes: 70016.
[2026-07-23 19:56:47.688] [info]  [MinecraftAuthTokenRequestTimer] Authorization still pending, next check in 5000 ms.
[2026-07-23 19:56:52.064] [info]  [MinecraftAuthTokenRequestTimer] Attempting to poll for an access token.
[2026-07-23 19:56:53.614] [error] [MicrosoftAuthApi] Failed to get access token. Request failed with status code 400. Error: authorization_pending. Error description: AADSTS70016: The provided request has not yet been authorized by the user. The user must input their code. Trace ID: d658de22-40b6-4c47-aabc-602859f13800 Correlation ID: a9b890d7-e8db-4b88-9deb-33ab7ae5471f Timestamp: 2026-07-23 17:57:09Z. Error Codes: 70016.
[2026-07-23 19:56:53.615] [info]  [MinecraftAuthTokenRequestTimer] Authorization still pending, next check in 5000 ms.
[2026-07-23 19:56:57.041] [info]  [NetworkStatusChangedEventHandler] Network Status Changed, Status:Offline.
[2026-07-23 19:56:57.067] [info]  [MinecraftAuthTokenRequestTimer] Attempting to poll for an access token.
[2026-07-23 19:56:57.943] [info]  [NetworkStatusChangedEventHandler] Network Status Changed, Status:Offline.
[2026-07-23 19:56:58.232] [info]  [NetworkStatusChangedEventHandler] Network Status Changed, Status:Online.
[2026-07-23 19:57:01.242] [error] [MicrosoftAuthApi] Failed to get access token. Request failed with status code 400. Error: authorization_pending. Error description: AADSTS70016: The provided request has not yet been authorized by the user. The user must input their code. Trace ID: 415b608e-d651-41ab-9c58-31e90bb09a00 Correlation ID: a9b890d7-e8db-4b88-9deb-33ab7ae5471f Timestamp: 2026-07-23 17:57:18Z. Error Codes: 70016.
[2026-07-23 19:57:01.242] [info]  [MinecraftAuthTokenRequestTimer] Authorization still pending, next check in 5000 ms.
[2026-07-23 19:57:02.070] [info]  [MinecraftAuthTokenRequestTimer] Attempting to poll for an access token.
[2026-07-23 19:57:03.443] [error] [MicrosoftAuthApi] Failed to get access token. Request failed with status code 400. Error: authorization_pending. Error description: AADSTS70016: The provided request has not yet been authorized by the user. The user must input their code. Trace ID: 2a5abc6b-2b5f-403e-83b7-49f40e863800 Correlation ID: a9b890d7-e8db-4b88-9deb-33ab7ae5471f Timestamp: 2026-07-23 17:57:19Z. Error Codes: 70016.
[2026-07-23 19:57:03.443] [info]  [MinecraftAuthTokenRequestTimer] Authorization still pending, next check in 5000 ms.
[2026-07-23 19:57:07.073] [info]  [MinecraftAuthTokenRequestTimer] Attempting to poll for an access token.
[2026-07-23 19:57:07.532] [error] [MicrosoftAuthApi] Failed to get access token. Request failed with status code 400. Error: authorization_pending. Error description: AADSTS70016: The provided request has not yet been authorized by the user. The user must input their code. Trace ID: aa7564d4-4eed-41a2-8afd-1dbc537d6300 Correlation ID: a9b890d7-e8db-4b88-9deb-33ab7ae5471f Timestamp: 2026-07-23 17:57:24Z. Error Codes: 70016.
[2026-07-23 19:57:07.532] [info]  [MinecraftAuthTokenRequestTimer] Authorization still pending, next check in 5000 ms.
[2026-07-23 19:57:12.079] [info]  [MinecraftAuthTokenRequestTimer] Attempting to poll for an access token.
[2026-07-23 19:57:12.671] [error] [MicrosoftAuthApi] Failed to get access token. Request failed with status code 400. Error: authorization_pending. Error description: AADSTS70016: The provided request has not yet been authorized by the user. The user must input their code. Trace ID: 691dcdeb-a320-473b-bf64-3b6d027e5600 Correlation ID: a9b890d7-e8db-4b88-9deb-33ab7ae5471f Timestamp: 2026-07-23 17:57:29Z. Error Codes: 70016.
[2026-07-23 19:57:12.672] [info]  [MinecraftAuthTokenRequestTimer] Authorization still pending, next check in 5000 ms.
[2026-07-23 19:57:17.086] [info]  [MinecraftAuthTokenRequestTimer] Attempting to poll for an access token.
[2026-07-23 19:57:17.613] [error] [MicrosoftAuthApi] Failed to get access token. Request failed with status code 400. Error: authorization_pending. Error description: AADSTS70016: The provided request has not yet been authorized by the user. The user must input their code. Trace ID: 40c0adbc-ec7e-4176-a71b-31aa30834900 Correlation ID: a9b890d7-e8db-4b88-9deb-33ab7ae5471f Timestamp: 2026-07-23 17:57:34Z. Error Codes: 70016.
[2026-07-23 19:57:17.614] [info]  [MinecraftAuthTokenRequestTimer] Authorization still pending, next check in 5000 ms.
[2026-07-23 19:57:22.092] [info]  [MinecraftAuthTokenRequestTimer] Attempting to poll for an access token.
[2026-07-23 19:57:22.495] [error] [MicrosoftAuthApi] Failed to get access token. Request failed with status code 400. Error: authorization_pending. Error description: AADSTS70016: The provided request has not yet been authorized by the user. The user must input their code. Trace ID: 12c8d45f-248b-48af-8680-a0b2bcfd1900 Correlation ID: a9b890d7-e8db-4b88-9deb-33ab7ae5471f Timestamp: 2026-07-23 17:57:39Z. Error Codes: 70016.
[2026-07-23 19:57:22.495] [info]  [MinecraftAuthTokenRequestTimer] Authorization still pending, next check in 5000 ms.
[2026-07-23 19:57:27.096] [info]  [MinecraftAuthTokenRequestTimer] Attempting to poll for an access token.
[2026-07-23 19:57:27.417] [error] [MicrosoftAuthApi] Failed to get access token. Request failed with status code 400. Error: authorization_pending. Error description: AADSTS70016: The provided request has not yet been authorized by the user. The user must input their code. Trace ID: 415b608e-d651-41ab-9c58-31e9cdb69a00 Correlation ID: a9b890d7-e8db-4b88-9deb-33ab7ae5471f Timestamp: 2026-07-23 17:57:44Z. Error Codes: 70016.
[2026-07-23 19:57:27.418] [info]  [MinecraftAuthTokenRequestTimer] Authorization still pending, next check in 5000 ms.
[2026-07-23 19:57:32.103] [info]  [MinecraftAuthTokenRequestTimer] Attempting to poll for an access token.
[2026-07-23 19:57:32.550] [error] [MicrosoftAuthApi] Failed to get access token. Request failed with status code 400. Error: authorization_pending. Error description: AADSTS70016: The provided request has not yet been authorized by the user. The user must input their code. Trace ID: d658de22-40b6-4c47-aabc-60285ffc3800 Correlation ID: a9b890d7-e8db-4b88-9deb-33ab7ae5471f Timestamp: 2026-07-23 17:57:49Z. Error Codes: 70016.
[2026-07-23 19:57:32.550] [info]  [MinecraftAuthTokenRequestTimer] Authorization still pending, next check in 5000 ms.
[2026-07-23 19:57:37.109] [info]  [MinecraftAuthTokenRequestTimer] Attempting to poll for an access token.
[2026-07-23 19:57:37.664] [error] [MicrosoftAuthApi] Failed to get access token. Request failed with status code 400. Error: authorization_pending. Error description: AADSTS70016: The provided request has not yet been authorized by the user. The user must input their code. Trace ID: 5b0d2384-baa6-418b-8dab-4b8a2bef8400 Correlation ID: a9b890d7-e8db-4b88-9deb-33ab7ae5471f Timestamp: 2026-07-23 17:57:54Z. Error Codes: 70016.
[2026-07-23 19:57:37.664] [info]  [MinecraftAuthTokenRequestTimer] Authorization still pending, next check in 5000 ms.
[2026-07-23 19:57:42.115] [info]  [MinecraftAuthTokenRequestTimer] Attempting to poll for an access token.
[2026-07-23 19:57:42.764] [error] [MicrosoftAuthApi] Failed to get access token. Request failed with status code 400. Error: authorization_pending. Error description: AADSTS70016: The provided request has not yet been authorized by the user. The user must input their code. Trace ID: 691dcdeb-a320-473b-bf64-3b6d85825600 Correlation ID: a9b890d7-e8db-4b88-9deb-33ab7ae5471f Timestamp: 2026-07-23 17:57:59Z. Error Codes: 70016.
[2026-07-23 19:57:42.765] [info]  [MinecraftAuthTokenRequestTimer] Authorization still pending, next check in 5000 ms.
[2026-07-23 19:57:47.120] [info]  [MinecraftAuthTokenRequestTimer] Attempting to poll for an access token.
[2026-07-23 19:57:47.681] [error] [MicrosoftAuthApi] Failed to get access token. Request failed with status code 400. Error: authorization_pending. Error description: AADSTS70016: The provided request has not yet been authorized by the user. The user must input their code. Trace ID: d28fc279-e813-417d-bdd4-f91725374e00 Correlation ID: a9b890d7-e8db-4b88-9deb-33ab7ae5471f Timestamp: 2026-07-23 17:58:04Z. Error Codes: 70016.
[2026-07-23 19:57:47.681] [info]  [MinecraftAuthTokenRequestTimer] Authorization still pending, next check in 5000 ms.
[2026-07-23 19:57:52.125] [info]  [MinecraftAuthTokenRequestTimer] Attempting to poll for an access token.
[2026-07-23 19:57:52.903] [error] [MicrosoftAuthApi] Failed to get access token. Request failed with status code 400. Error: authorization_pending. Error description: AADSTS70016: The provided request has not yet been authorized by the user. The user must input their code. Trace ID: fbf84acf-522f-4d1e-b527-689b4c305f00 Correlation ID: a9b890d7-e8db-4b88-9deb-33ab7ae5471f Timestamp: 2026-07-23 17:58:09Z. Error Codes: 70016.
[2026-07-23 19:57:52.903] [info]  [MinecraftAuthTokenRequestTimer] Authorization still pending, next check in 5000 ms.
[2026-07-23 19:57:57.128] [info]  [MinecraftAuthTokenRequestTimer] Attempting to poll for an access token.
[2026-07-23 19:57:57.699] [error] [MicrosoftAuthApi] Failed to get access token. Request failed with status code 400. Error: authorization_pending. Error description: AADSTS70016: The provided request has not yet been authorized by the user. The user must input their code. Trace ID: 30b81215-c050-4fc8-948f-490032f85700 Correlation ID: a9b890d7-e8db-4b88-9deb-33ab7ae5471f Timestamp: 2026-07-23 17:58:14Z. Error Codes: 70016.
[2026-07-23 19:57:57.699] [info]  [MinecraftAuthTokenRequestTimer] Authorization still pending, next check in 5000 ms.
[2026-07-23 19:58:02.133] [info]  [MinecraftAuthTokenRequestTimer] Attempting to poll for an access token.
[2026-07-23 19:58:03.264] [info]  [MinecraftAuthTokenRequestTimer] Access token was polled successfully..
[2026-07-23 19:58:03.264] [info]  [MinecraftAuthTokenRequestTimer] MinecraftAuthTokenRequestTimer stopped..
[2026-07-23 19:58:03.264] [info]  [MinecraftAuthService] Verifying Minecraft account.
[2026-07-23 19:58:06.958] [info]  [MinecraftAuthService] Account verification successful..
[2026-07-23 19:58:06.959] [info]  [GameAuthSuccessEventHandler] Minecraft User info created.
[2026-07-23 19:58:06.962] [info]  [MinecraftLoginAppServiceImpl] Get Microsoft Users Info.
[2026-07-23 19:58:06.962] [info]  [MinecraftLoginAppServiceImpl] Get Microsoft Users Info.
[2026-07-23 19:58:06.963] [info]  [MinecraftLoginAppServiceImpl] Get Microsoft User Info.
[2026-07-23 19:58:06.963] [info]  [MinecraftLoginAppServiceImpl] Get Microsoft User Info.
[2026-07-23 19:58:07.519] [info]  [OperationCompletedEventHandler] Operation Completed, Id: 28befe6c-94f7-49a2-8e9d-5613ea680c0b. Outcome: Completed.
[2026-07-23 19:58:07.519] [info]  [MinecraftLoginAppServiceImpl] Set Current Microsoft User.
[2026-07-23 19:58:07.522] [info]  [GameAuthUsersChangedEventHandler] Minecraft Users info loaded.
[2026-07-23 19:58:07.524] [info]  [MinecraftLoginAppServiceImpl] Get Microsoft Users Info.
[2026-07-23 19:58:07.524] [info]  [MinecraftLoginAppServiceImpl] Get Microsoft Users Info.
[2026-07-23 19:58:07.528] [info]  [MinecraftSettingsChangedEventHandler] Minecraft settings changed: {"minecraftRoot":"/home/arvid/Documents/curseforge/minecraft","preferredRelease":0,"useDesktopResolution":false,"resolutionWidth":1024,"resolutionHeight":768,"launcherVisibility":0,"launcherType":0,"gameLaunchMethod":1,"javaVersionsPaths":{"java8":""},"maxMemoryAllocation":4096,"useRecommendedMemoryAllocation":true,"additionalJavaArguments":null,"profileBackups":0,"enableModpackDefaultSettings":false,"minecraftModpackDefaultOptions":{"autoJump":true,"fullscreen":false,"bobView":true,"invertMouse":false,"mouseSensitivity":100,"gamma":50,"renderDistance":12,"fov":70,"guiScale":0,"masterVolume":100,"musicVolume":100,"jukeboxVolume":100,"weatherVolume":100,"blockVolume":100,"hostileVolume":100,"neutralVolume":100,"playerVolume":100,"ambientVolume":100,"voiceVolume":100,"sneakKeyBind":"ShiftLeft","sprintKeyBind":"ControlLeft"},"gameDashboardDisplay":null,"showGameDashboard":false}.
[2026-07-23 19:58:07.529] [info]  [MinecraftLoginAppServiceImpl] Get Microsoft User Info.
[2026-07-23 19:58:07.530] [info]  [MinecraftLoginAppServiceImpl] Get Microsoft User Info.
[2026-07-23 19:58:07.621] [info]  [MinecraftInstallationServiceImpl] Changing location to: /home/arvid/Documents/curseforge/minecraft.
[2026-07-23 19:58:10.577] [info]  [MinecraftLoginAppServiceImpl] Cancelling login to Minecraft.
[2026-07-23 19:58:10.578] [info]  [MinecraftAuthTokenRequestTimer] MinecraftAuthTokenRequestTimer stopped..
[2026-07-23 19:58:10.578] [info]  [OperationService] Cancel operation: Operation not found 'CBgABIQEAAAAdDD7nC9b5Q7JPd_okEQRFRXZvU3RzQXJ0aWZhY3RzAQAAAAAAvF-9EBGECsHnw_s8u0mnyKIKW36OTYuYj03rxKQ8z8z4tSyGEUHJ4tmtmEedje1mq54ybDZ7NKzhjx4so9zdbB7OUPsTzSR80ANk6jR7FgIN4ZtVGR95yfGmcomeplKhLvjFYkHmU5CR_DQx1GZ9I_uVebLmCrqPKSGBm_2Avc5X2bkqYdpL6yBRMSXaBQp_w1Utf1ZeQsHQNm2ihvnjSFBXykXFXHuR8s6CwExbSSSTlATxXwPcpjDcuBs3-OegEKIFqP0DJAzHGZ6EkTmHEWFhi5hobdZjDAzsALMR-1jyOVeCiKsnPMd5EHE52rPNJiB6_K-hN3R2bm-3NkzW9LF-Y-stOLv8Y1euybiB8qxlhPKzfTuTXnfKoAdgfJykQRuggTCf-Uji1uVs4BAlUpemFf8RyQczbQYfQTLuo4iM3n5qzhpZDbP9GXq4G45uqdXFJ_2Ih4QpuFcOI7ArpPX9GExrj4mZ0B6CQRzpYGyk_y4CwhYQ1XgWUfHQenQG4D8RaZBQU70R_Kz4KEdySFlVIT4CvPn1nj5nxsGA8hzpPfGXs97nuPbJN54m6lHtX_kyvV4FI0SZ3kXfoNKLkwb-NRBq3qdE6kxwyvuXqszIyzPG3xBROe6TkVCvTrhfMlnHBvQA5G197h8zcQIx2E7DY4SR9N5NYTFsjALLFyas7QeaaksdcldFC59IUM8V2gKxrMncWGxpLEs3xpQdqiQREjSGq58pxcjt0zL5BsMrpzHV-rzftE4X6Xhd8OAaoO3Aja-Zhq19rFcYVsryh7tUAvft0i13_ZZMZfj_6QPi8I4AU--9zwzV7k417-CoazH4BAqiT6l9cCOfGjo5tnrMG0Y0Xlx1VGQ1D93eKa67Oxkb_KpFnBKJ9RQddBSjE9ciAZdDhGRhMYuo77bTaOaJvHrvEtU6ZwSkntq3d_MgAA'.
[2026-07-23 19:58:10.579] [info]  [MinecraftLoginAppServiceImpl] Login to Minecraft cancelled successfully.
[2026-07-23 19:58:37.812] [info]  [MinecraftLoginAppServiceImpl] Get Microsoft Users Info.
[2026-07-23 19:58:37.814] [info]  [MinecraftLoginAppServiceImpl] Get Microsoft Users Info.
[2026-07-23 19:58:37.857] [info]  [MinecraftLoginAppServiceImpl] Get Microsoft User Info.
[2026-07-23 19:58:37.858] [info]  [MinecraftLoginAppServiceImpl] Get Microsoft User Info.
[2026-07-23 19:58:41.261] [info]  [EleriumCommunicationLayer] Request - GET v1/games/432/versions - params: None.
[2026-07-23 19:58:41.267] [info]  [EleriumCommunicationLayer] Request - GET v2/mods/search - params: classId=4471&gameId=432&pageSize=20&sortField=1&sortOrder=desc&index=0&clientCompatible=false.
[2026-07-23 19:58:42.026] [info]  [EleriumCommunicationLayer] Request - GET v1/minecraft/modloader?includeAll=true - params: None.
[2026-07-23 19:58:42.032] [info]  [EleriumCommunicationLayer] Request - GET v2/games/432/additional-client-featured-projects - params: None.
[2026-07-23 19:58:43.281] [info]  [ProjectSearchService] Got 22 search results for game 432. Page 1.
[2026-07-23 19:59:00.677] [info]  [EleriumCommunicationLayer] Request - GET v2/mods/search - params: classId=4471&gameId=432&pageSize=20&searchFilter=terrafirmacraft&sortField=1&sortOrder=desc&index=0&clientCompatible=false.
[2026-07-23 19:59:02.319] [info]  [ProjectSearchService] Got 20 search results for game 432. Page 1.
[2026-07-23 19:59:29.885] [info]  [EleriumCommunicationLayer] Request - GET v2/mods/search - params: classId=4471&gameId=432&pageSize=20&searchFilter=terrafirmacraft&sortField=1&sortOrder=desc&index=20&clientCompatible=false.
[2026-07-23 19:59:36.914] [info]  [EleriumCommunicationLayer] Request - GET v2/mods/search - params: classId=4471&gameId=432&pageSize=20&searchFilter=terrafirmacraft&sortField=2&sortOrder=desc&index=0&clientCompatible=false.
[2026-07-23 19:59:41.093] [info]  [ProjectSearchService] Got 20 search results for game 432. Page 1.
[2026-07-23 19:59:41.129] [info]  [ProjectSearchService] Got 20 search results for game 432. Page 2.
[2026-07-23 19:59:50.332] [info]  [EleriumCommunicationLayer] Request - GET v2/mods/385053 - params: None.
[2026-07-23 19:59:52.911] [info]  [EleriumCommunicationLayer] Request - GET v1/mods/385053/description - params: None.
[2026-07-23 20:00:04.895] [info]  [EleriumCommunicationLayer] Request - GET v2/mods/app-highlights - params: {"gameId":432}.
[2026-07-23 20:00:10.317] [info]  [EleriumCommunicationLayer] Request - GET v2/mods/search - params: classId=6&gameId=432&pageSize=20&sortField=1&sortOrder=desc&index=0&clientCompatible=false.
[2026-07-23 20:00:11.021] [info]  [ProjectSearchService] Got 20 search results for game 432. Page 1.
[2026-07-23 20:00:24.323] [info]  [EleriumCommunicationLayer] Request - GET v2/mods/search - params: classId=6&gameId=432&pageSize=20&searchFilter=terrafrimacraft&sortField=1&sortOrder=desc&index=0&clientCompatible=false.
[2026-07-23 20:00:26.092] [info]  [ProjectSearchService] Got 0 search results for game 432. Page 1.
[2026-07-23 20:00:31.770] [info]  [EleriumCommunicationLayer] Request - GET v2/mods/search - params: classId=6&gameId=432&pageSize=20&searchFilter=terrafirmacraft&sortField=1&sortOrder=desc&index=0&clientCompatible=false.
[2026-07-23 20:00:32.897] [info]  [ProjectSearchService] Got 20 search results for game 432. Page 1.
[2026-07-23 20:00:38.794] [info]  [EleriumCommunicationLayer] Request - GET v2/mods/302973 - params: None.
[2026-07-23 20:00:40.070] [info]  [EleriumCommunicationLayer] Request - GET v1/mods/302973/files/8467670 - params: None.
[2026-07-23 20:00:50.585] [info]  [ModpacksAppServiceImpl] Creating custom modpack instance: yello. GameId: 432,  GameVersion: 1.21.1, Modloader version: neoforge-21.1.243.
[2026-07-23 20:00:53.270] [info]  [ModpackDetectedEventHandler] Modpack 877f9167-63dc-4953-bbb3-9b454431c579 detected.
[2026-07-23 20:00:53.295] [info]  [GameInstanceChangedEventHandler] Game instance changed: 877f9167-63dc-4953-bbb3-9b454431c579 - ["AddedToDatabase"].
[2026-07-23 20:00:53.339] [info]  [ModpacksAppServiceImpl] Getting game 432 installed modpacks.
[2026-07-23 20:00:53.341] [info]  [ModpacksAppServiceImpl] Getting game 432 installed modpacks.
[2026-07-23 20:00:53.342] [info]  [ModpacksAppServiceImpl] Getting game 432 installed modpacks.
[2026-07-23 20:00:53.342] [info]  [ModpacksAppServiceImpl] Getting game 432 installed modpacks.
[2026-07-23 20:00:53.343] [info]  [ModpacksAppServiceImpl] Getting game 432 installed modpacks.
[2026-07-23 20:00:53.390] [info]  [ModpacksAppServiceImpl] Getting game 432 installed modpacks.
[2026-07-23 20:00:53.768] [info]  [ModpacksAppServiceImpl] Getting installed modpack 877f9167-63dc-4953-bbb3-9b454431c579.
[2026-07-23 20:00:58.950] [info]  [EleriumCommunicationLayer] Request - GET v2/mods/search - params: gameId=432&pageSize=20&searchFilter=terrafirmacraft&sortField=1&sortOrder=desc&index=0&clientCompatible=false.
[2026-07-23 20:01:03.004] [info]  [ProjectSearchService] Got 20 search results for game 432. Page 1.
[2026-07-23 20:01:10.196] [info]  [EleriumCommunicationLayer] Request - GET v2/mods/952112 - params: None.
[2026-07-23 20:01:13.150] [info]  [EleriumCommunicationLayer] Request - GET v1/mods/952112/description - params: None.
[2026-07-23 20:01:23.597] [info]  [EleriumCommunicationLayer] Request - GET v2/mods/search - params: gameId=432&pageSize=20&searchFilter=terrafirmacraft&sortField=2&sortOrder=desc&index=0&clientCompatible=false.
[2026-07-23 20:01:26.834] [info]  [ProjectSearchService] Got 20 search results for game 432. Page 1.
[2026-07-23 20:01:46.311] [info]  [EleriumCommunicationLayer] Request - GET v2/mods/714158 - params: None.
[2026-07-23 20:01:46.815] [info]  [EleriumCommunicationLayer] Request - GET v1/mods/714158/description - params: None.
[2026-07-23 20:02:11.979] [info]  [EleriumCommunicationLayer] Request - GET v2/mods/search - params: classId=4471&gameId=432&pageSize=20&sortField=2&sortOrder=desc&index=0&clientCompatible=false.
[2026-07-23 20:02:13.031] [info]  [ProjectSearchService] Got 20 search results for game 432. Page 1.
[2026-07-23 20:02:20.016] [info]  [ModpacksAppServiceImpl] Getting game 432 installed modpacks.
[2026-07-23 20:02:20.019] [info]  [MeasurementAppServiceImpl] starting measurement game-dau.
[2026-07-23 20:02:20.042] [info]  [MinecraftLoginAppServiceImpl] Get Microsoft Users Info.
[2026-07-23 20:02:20.045] [info]  [MinecraftLoginAppServiceImpl] Get Microsoft Users Info.
[2026-07-23 20:02:20.273] [info]  [MinecraftLoginAppServiceImpl] Get Microsoft User Info.
[2026-07-23 20:02:20.276] [info]  [MinecraftLoginAppServiceImpl] Get Microsoft User Info.
[2026-07-23 20:02:30.021] [info]  [AnalyticsStorageManager] Already tracked cf_daily_active_user_per_game_v2_gameId.432 today.
[2026-07-23 20:02:30.022] [info]  [AnalyticsService] trackDailyUnique is unique: false.
[2026-07-23 20:03:35.849] [info]  [ModpacksAppServiceImpl] Getting game 432 installed modpacks.
[2026-07-23 20:03:35.852] [info]  [MeasurementAppServiceImpl] starting measurement game-dau.
[2026-07-23 20:03:35.873] [info]  [MinecraftLoginAppServiceImpl] Get Microsoft Users Info.
[2026-07-23 20:03:35.877] [info]  [MinecraftLoginAppServiceImpl] Get Microsoft Users Info.
[2026-07-23 20:03:36.045] [info]  [MinecraftLoginAppServiceImpl] Get Microsoft User Info.
[2026-07-23 20:03:36.047] [info]  [MinecraftLoginAppServiceImpl] Get Microsoft User Info.
[2026-07-23 20:03:45.854] [info]  [AnalyticsStorageManager] Already tracked cf_daily_active_user_per_game_v2_gameId.432 today.
[2026-07-23 20:03:45.855] [info]  [AnalyticsService] trackDailyUnique is unique: false.
[2026-07-23 20:04:14.398] [info]  [ModpacksAppServiceImpl] Getting installed modpack 877f9167-63dc-4953-bbb3-9b454431c579.
[2026-07-23 20:05:27.179] [info]  [NetworkStatusChangedEventHandler] Network Status Changed, Status:Offline.
[2026-07-23 20:05:28.097] [info]  [NetworkStatusChangedEventHandler] Network Status Changed, Status:Offline.
[2026-07-23 20:05:28.309] [info]  [NetworkStatusChangedEventHandler] Network Status Changed, Status:Online.
[2026-07-23 20:05:58.167] [info]  [GameInstanceChangedEventHandler] Game instance changed: 877f9167-63dc-4953-bbb3-9b454431c579 - ["Saved"].
[2026-07-23 20:05:58.168] [info]  [ModpackChangedEventHandler] Modpack 877f9167-63dc-4953-bbb3-9b454431c579 changed.
[2026-07-23 20:05:58.210] [info]  [GameInstanceChangedEventHandler] Game instance changed: 877f9167-63dc-4953-bbb3-9b454431c579 - ["Saved"].
[2026-07-23 20:05:58.210] [info]  [ModpackChangedEventHandler] Modpack 877f9167-63dc-4953-bbb3-9b454431c579 changed.
[2026-07-23 20:06:04.098] [info]  [ProjectInstanceChangedEventHandler] Project instance 306770 - Patchouli changed.
[2026-07-23 20:06:04.099] [info]  [ProjectInstanceChangedEventHandler] Project instance 306770 - Patchouli changed.
[2026-07-23 20:06:04.100] [info]  [ProjectInstalledEventHandler] Project 306770 - Patchouli installed to yello instance.
[2026-07-23 20:06:19.497] [info]  [ModpacksAppServiceImpl] Getting installed modpack 877f9167-63dc-4953-bbb3-9b454431c579.
[2026-07-23 20:06:32.714] [info]  [ModpacksAppServiceImpl] Getting installed modpack 877f9167-63dc-4953-bbb3-9b454431c579.
[2026-07-23 20:06:33.457] [info]  [ProjectInstanceChangedEventHandler] Project instance 302973 - TerraFirmaCraft changed.
[2026-07-23 20:06:33.458] [info]  [ProjectInstanceChangedEventHandler] Project instance 302973 - TerraFirmaCraft changed.
[2026-07-23 20:06:33.458] [info]  [ProjectInstalledEventHandler] Project 302973 - TerraFirmaCraft installed to yello instance.
[2026-07-23 20:06:33.518] [info]  [GameInstanceChangedEventHandler] Game instance changed: 877f9167-63dc-4953-bbb3-9b454431c579 - ["Saved"].
[2026-07-23 20:06:33.519] [info]  [ModpackChangedEventHandler] Modpack 877f9167-63dc-4953-bbb3-9b454431c579 changed.
[2026-07-23 20:06:33.562] [info]  [MinecraftInstanceTaskCompletedEventHandler] Minecraft instance task completed.
[2026-07-23 20:06:33.562] [info]  [ModpackInstalledEventHandler] Modpack 0 - yello Installation Completed.
[2026-07-23 20:06:33.575] [info]  [ModpacksAppServiceImpl] Getting installed modpack 877f9167-63dc-4953-bbb3-9b454431c579.
[2026-07-23 20:06:33.576] [info]  [ModpacksAppServiceImpl] Getting installed modpack 877f9167-63dc-4953-bbb3-9b454431c579.
[2026-07-23 20:06:39.684] [info]  [OperationStartedEventHandler] Operation Started, Id: 877f9167-63dc-4953-bbb3-9b454431c579.
[2026-07-23 20:06:39.684] [info]  [CurseForgeLauncher] launching modpack using the CurseForge Launcher. Id: 877f9167-63dc-4953-bbb3-9b454431c579.
[2026-07-23 20:06:39.686] [info]  [VerifyUserAction] Verifying user.
[2026-07-23 20:06:39.686] [info]  [VerifyAndRepairModsAction] Skipping verify/repair for unlocked modpack 877f9167-63dc-4953-bbb3-9b454431c579.
[2026-07-23 20:06:39.687] [info]  [DownloadGameVersionManifestAction] Downloading game version 1.21.1 manifest file....
[2026-07-23 20:06:39.688] [info]  [EleriumCommunicationLayer] Request - GET v1/minecraft/version - params: None.
[2026-07-23 20:06:43.146] [info]  [DownloadGameVersionAction] Downloading game version 1.21.1.
[2026-07-23 20:06:43.187] [info]  [DownloadModloaderVersionAction] Downloading modloader version neoforge-21.1.243.
[2026-07-23 20:06:43.189] [info]  [EleriumCommunicationLayer] Request - GET v1/minecraft/modloader/neoforge-21.1.243 - params: None.
[2026-07-23 20:06:43.731] [info]  [DownloadModloaderVersionAction] No download URL found for modloader: neoforge-21.1.243.
[2026-07-23 20:06:43.731] [info]  [BuildLaunchOptionsAction] Building launcher options.
[2026-07-23 20:06:43.734] [info]  [EleriumCommunicationLayer] Request - GET v1/minecraft/modloader/neoforge-21.1.243 - params: None.
[2026-07-23 20:06:43.852] [info]  [EleriumCommunicationLayer] Request - GET v1/minecraft/modloader/neoforge-21.1.243 - params: None.
[2026-07-23 20:08:22.609] [info]  [ModloaderInstallAction] Installing modloader....
[2026-07-23 20:08:22.854] [info]  [DownloadAssetsAction] Downloading game assets.
[2026-07-23 20:08:36.705] [info]  [AppUpdatePeriodicChecker] Running periodic app update check.
[2026-07-23 20:08:36.705] [info]  [AppUpdateServiceImpl] Checking for available application updates. Current app version is 1.314.0-36643.
[2026-07-23 20:08:38.670] [info]  [AppUpdateStateChangedEventHandler] App update state changed: [object Object].
[2026-07-23 20:08:38.671] [info]  [AppUpdateServiceImpl] No updates are available for the app..
[2026-07-23 20:08:38.671] [info]  [AppUpdatePeriodicChecker] No app update. Scheduling the next update check in 900000 milliseconds.
[2026-07-23 20:10:33.537] [info]  [NetworkStatusChangedEventHandler] Network Status Changed, Status:Offline.
[2026-07-23 20:10:35.007] [info]  [NetworkStatusChangedEventHandler] Network Status Changed, Status:Online.
[2026-07-23 20:10:35.008] [info]  [NetworkStatusChangedEventHandler] Network Status Changed, Status:Online.
[2026-07-23 20:12:53.970] [info]  [NetworkStatusChangedEventHandler] Network Status Changed, Status:Offline.
[2026-07-23 20:12:54.928] [info]  [NetworkStatusChangedEventHandler] Network Status Changed, Status:Offline.
[2026-07-23 20:12:55.237] [info]  [NetworkStatusChangedEventHandler] Network Status Changed, Status:Online.
[2026-07-23 20:17:40.468] [info]  [NetworkStatusChangedEventHandler] Network Status Changed, Status:Offline.
[2026-07-23 20:17:41.392] [info]  [NetworkStatusChangedEventHandler] Network Status Changed, Status:Offline.
[2026-07-23 20:17:43.164] [info]  [NetworkStatusChangedEventHandler] Network Status Changed, Status:Online.
[2026-07-23 20:20:05.196] [info]  [NetworkStatusChangedEventHandler] Network Status Changed, Status:Offline.
[2026-07-23 20:20:06.136] [info]  [NetworkStatusChangedEventHandler] Network Status Changed, Status:Offline.
[2026-07-23 20:20:08.571] [info]  [NetworkStatusChangedEventHandler] Network Status Changed, Status:Online.
[2026-07-23 20:20:11.388] [error] [Radiuminator] Failed to download file: https://resources.download.minecraft.net/5b/5b16028a58fbd888b1ccc5062e2592b2995a159a to /home/arvid/Documents/curseforge/minecraft/Install/assets/objects/5b/5b16028a58fbd888b1ccc5062e2592b2995a159a. Error: Failed downloading file: /home/arvid/Documents/curseforge/minecraft/Install/assets/objects/5b/5b16028a58fbd888b1ccc5062e2592b2995a159a.
[2026-07-23 20:20:11.388] [error] [DownloadAssetsAction] Failed to download asset: 5b16028a58fbd888b1ccc5062e2592b2995a159a to path: /home/arvid/Documents/curseforge/minecraft/Install/assets/objects/5b/5b16028a58fbd888b1ccc5062e2592b2995a159a. Error: Failed to download file: https://resources.download.minecraft.net/5b/5b16028a58fbd888b1ccc5062e2592b2995a159a to /home/arvid/Documents/curseforge/minecraft/Install/assets/objects/5b/5b16028a58fbd888b1ccc5062e2592b2995a159a
[2026-07-23 20:20:41.503] [info]  [NetworkStatusChangedEventHandler] Network Status Changed, Status:Offline.
[2026-07-23 20:20:42.724] [info]  [NetworkStatusChangedEventHandler] Network Status Changed, Status:Online.
[2026-07-23 20:23:38.676] [info]  [AppUpdatePeriodicChecker] Running periodic app update check.
[2026-07-23 20:23:38.676] [info]  [AppUpdateServiceImpl] Checking for available application updates. Current app version is 1.314.0-36643.
[2026-07-23 20:23:38.961] [info]  [AppUpdateStateChangedEventHandler] App update state changed: [object Object].
[2026-07-23 20:23:38.961] [info]  [AppUpdateServiceImpl] No updates are available for the app..
[2026-07-23 20:23:38.961] [info]  [AppUpdatePeriodicChecker] No app update. Scheduling the next update check in 900000 milliseconds.
[2026-07-23 20:30:05.810] [info]  [NetworkStatusChangedEventHandler] Network Status Changed, Status:Offline.
[2026-07-23 20:30:26.723] [info]  [NetworkStatusChangedEventHandler] Network Status Changed, Status:Online.
[2026-07-23 20:30:31.135] [info]  [NetworkStatusChangedEventHandler] Network Status Changed, Status:Offline.
[2026-07-23 20:30:31.559] [error] [Radiuminator] Failed to download file: https://resources.download.minecraft.net/3a/3ae5e229769df9c82e3c23e02e798af8b408edc5 to /home/arvid/Documents/curseforge/minecraft/Install/assets/objects/3a/3ae5e229769df9c82e3c23e02e798af8b408edc5. Error: Failed downloading file: /home/arvid/Documents/curseforge/minecraft/Install/assets/objects/3a/3ae5e229769df9c82e3c23e02e798af8b408edc5.
[2026-07-23 20:30:31.559] [error] [DownloadAssetsAction] Failed to download asset: 3ae5e229769df9c82e3c23e02e798af8b408edc5 to path: /home/arvid/Documents/curseforge/minecraft/Install/assets/objects/3a/3ae5e229769df9c82e3c23e02e798af8b408edc5. Error: Failed to download file: https://resources.download.minecraft.net/3a/3ae5e229769df9c82e3c23e02e798af8b408edc5 to /home/arvid/Documents/curseforge/minecraft/Install/assets/objects/3a/3ae5e229769df9c82e3c23e02e798af8b408edc5
[2026-07-23 20:30:31.563] [error] [Radiuminator] Failed to download file: https://resources.download.minecraft.net/ae/ae9bb7a332e3e3d3665f282b60b296ec01be97df to /home/arvid/Documents/curseforge/minecraft/Install/assets/objects/ae/ae9bb7a332e3e3d3665f282b60b296ec01be97df. Error: Failed downloading file: /home/arvid/Documents/curseforge/minecraft/Install/assets/objects/ae/ae9bb7a332e3e3d3665f282b60b296ec01be97df.
[2026-07-23 20:30:31.563] [error] [DownloadAssetsAction] Failed to download asset: ae9bb7a332e3e3d3665f282b60b296ec01be97df to path: /home/arvid/Documents/curseforge/minecraft/Install/assets/objects/ae/ae9bb7a332e3e3d3665f282b60b296ec01be97df. Error: Failed to download file: https://resources.download.minecraft.net/ae/ae9bb7a332e3e3d3665f282b60b296ec01be97df to /home/arvid/Documents/curseforge/minecraft/Install/assets/objects/ae/ae9bb7a332e3e3d3665f282b60b296ec01be97df
[2026-07-23 20:30:31.567] [error] [Radiuminator] Failed to download file: https://resources.download.minecraft.net/50/50a317f837b0604c3ebe8224951c1a0d7a94516a to /home/arvid/Documents/curseforge/minecraft/Install/assets/objects/50/50a317f837b0604c3ebe8224951c1a0d7a94516a. Error: Failed downloading file: /home/arvid/Documents/curseforge/minecraft/Install/assets/objects/50/50a317f837b0604c3ebe8224951c1a0d7a94516a.
[2026-07-23 20:30:31.568] [error] [DownloadAssetsAction] Failed to download asset: 50a317f837b0604c3ebe8224951c1a0d7a94516a to path: /home/arvid/Documents/curseforge/minecraft/Install/assets/objects/50/50a317f837b0604c3ebe8224951c1a0d7a94516a. Error: Failed to download file: https://resources.download.minecraft.net/50/50a317f837b0604c3ebe8224951c1a0d7a94516a to /home/arvid/Documents/curseforge/minecraft/Install/assets/objects/50/50a317f837b0604c3ebe8224951c1a0d7a94516a
[2026-07-23 20:30:31.571] [error] [Radiuminator] Failed to download file: https://resources.download.minecraft.net/39/39077d824a27e8040b0e1f2b4707d81149830d11 to /home/arvid/Documents/curseforge/minecraft/Install/assets/objects/39/39077d824a27e8040b0e1f2b4707d81149830d11. Error: Failed downloading file: /home/arvid/Documents/curseforge/minecraft/Install/assets/objects/39/39077d824a27e8040b0e1f2b4707d81149830d11.
[2026-07-23 20:30:31.571] [error] [DownloadAssetsAction] Failed to download asset: 39077d824a27e8040b0e1f2b4707d81149830d11 to path: /home/arvid/Documents/curseforge/minecraft/Install/assets/objects/39/39077d824a27e8040b0e1f2b4707d81149830d11. Error: Failed to download file: https://resources.download.minecraft.net/39/39077d824a27e8040b0e1f2b4707d81149830d11 to /home/arvid/Documents/curseforge/minecraft/Install/assets/objects/39/39077d824a27e8040b0e1f2b4707d81149830d11
[2026-07-23 20:30:31.574] [error] [Radiuminator] Failed to download file: https://resources.download.minecraft.net/e8/e8d0df494880f2067bb64d08a7428a78239c9a29 to /home/arvid/Documents/curseforge/minecraft/Install/assets/objects/e8/e8d0df494880f2067bb64d08a7428a78239c9a29. Error: Failed downloading file: /home/arvid/Documents/curseforge/minecraft/Install/assets/objects/e8/e8d0df494880f2067bb64d08a7428a78239c9a29.
[2026-07-23 20:30:31.574] [error] [DownloadAssetsAction] Failed to download asset: e8d0df494880f2067bb64d08a7428a78239c9a29 to path: /home/arvid/Documents/curseforge/minecraft/Install/assets/objects/e8/e8d0df494880f2067bb64d08a7428a78239c9a29. Error: Failed to download file: https://resources.download.minecraft.net/e8/e8d0df494880f2067bb64d08a7428a78239c9a29 to /home/arvid/Documents/curseforge/minecraft/Install/assets/objects/e8/e8d0df494880f2067bb64d08a7428a78239c9a29
[2026-07-23 20:30:31.577] [error] [Radiuminator] Failed to download file: https://resources.download.minecraft.net/f2/f26ab58dc70ce7a3f4d16b5bb31620894b0b8812 to /home/arvid/Documents/curseforge/minecraft/Install/assets/objects/f2/f26ab58dc70ce7a3f4d16b5bb31620894b0b8812. Error: Failed downloading file: /home/arvid/Documents/curseforge/minecraft/Install/assets/objects/f2/f26ab58dc70ce7a3f4d16b5bb31620894b0b8812.
[2026-07-23 20:30:31.577] [error] [DownloadAssetsAction] Failed to download asset: f26ab58dc70ce7a3f4d16b5bb31620894b0b8812 to path: /home/arvid/Documents/curseforge/minecraft/Install/assets/objects/f2/f26ab58dc70ce7a3f4d16b5bb31620894b0b8812. Error: Failed to download file: https://resources.download.minecraft.net/f2/f26ab58dc70ce7a3f4d16b5bb31620894b0b8812 to /home/arvid/Documents/curseforge/minecraft/Install/assets/objects/f2/f26ab58dc70ce7a3f4d16b5bb31620894b0b8812
[2026-07-23 20:30:31.579] [error] [Radiuminator] Failed to download file: https://resources.download.minecraft.net/8d/8d56863e83e0e114937522d3a4a7e124528c65b4 to /home/arvid/Documents/curseforge/minecraft/Install/assets/objects/8d/8d56863e83e0e114937522d3a4a7e124528c65b4. Error: Failed downloading file: /home/arvid/Documents/curseforge/minecraft/Install/assets/objects/8d/8d56863e83e0e114937522d3a4a7e124528c65b4.
[2026-07-23 20:30:31.579] [error] [DownloadAssetsAction] Failed to download asset: 8d56863e83e0e114937522d3a4a7e124528c65b4 to path: /home/arvid/Documents/curseforge/minecraft/Install/assets/objects/8d/8d56863e83e0e114937522d3a4a7e124528c65b4. Error: Failed to download file: https://resources.download.minecraft.net/8d/8d56863e83e0e114937522d3a4a7e124528c65b4 to /home/arvid/Documents/curseforge/minecraft/Install/assets/objects/8d/8d56863e83e0e114937522d3a4a7e124528c65b4
[2026-07-23 20:30:31.582] [error] [Radiuminator] Failed to download file: https://resources.download.minecraft.net/5d/5d78e883f8bf8123261a5b05cf90cb5cc020fa6e to /home/arvid/Documents/curseforge/minecraft/Install/assets/objects/5d/5d78e883f8bf8123261a5b05cf90cb5cc020fa6e. Error: Failed downloading file: /home/arvid/Documents/curseforge/minecraft/Install/assets/objects/5d/5d78e883f8bf8123261a5b05cf90cb5cc020fa6e.
[2026-07-23 20:30:31.582] [error] [DownloadAssetsAction] Failed to download asset: 5d78e883f8bf8123261a5b05cf90cb5cc020fa6e to path: /home/arvid/Documents/curseforge/minecraft/Install/assets/objects/5d/5d78e883f8bf8123261a5b05cf90cb5cc020fa6e. Error: Failed to download file: https://resources.download.minecraft.net/5d/5d78e883f8bf8123261a5b05cf90cb5cc020fa6e to /home/arvid/Documents/curseforge/minecraft/Install/assets/objects/5d/5d78e883f8bf8123261a5b05cf90cb5cc020fa6e
[2026-07-23 20:30:31.585] [error] [Radiuminator] Failed to download file: https://resources.download.minecraft.net/5f/5fa52f2e49e446e466b721937cc168bba734ef33 to /home/arvid/Documents/curseforge/minecraft/Install/assets/objects/5f/5fa52f2e49e446e466b721937cc168bba734ef33. Error: Failed downloading file: /home/arvid/Documents/curseforge/minecraft/Install/assets/objects/5f/5fa52f2e49e446e466b721937cc168bba734ef33.
[2026-07-23 20:30:31.585] [error] [DownloadAssetsAction] Failed to download asset: 5fa52f2e49e446e466b721937cc168bba734ef33 to path: /home/arvid/Documents/curseforge/minecraft/Install/assets/objects/5f/5fa52f2e49e446e466b721937cc168bba734ef33. Error: Failed to download file: https://resources.download.minecraft.net/5f/5fa52f2e49e446e466b721937cc168bba734ef33 to /home/arvid/Documents/curseforge/minecraft/Install/assets/objects/5f/5fa52f2e49e446e466b721937cc168bba734ef33
[2026-07-23 20:30:31.588] [error] [Radiuminator] Failed to download file: https://resources.download.minecraft.net/d2/d2aa32d74df0cfcdcb7b36862206762dc5f16d5c to /home/arvid/Documents/curseforge/minecraft/Install/assets/objects/d2/d2aa32d74df0cfcdcb7b36862206762dc5f16d5c. Error: Failed downloading file: /home/arvid/Documents/curseforge/minecraft/Install/assets/objects/d2/d2aa32d74df0cfcdcb7b36862206762dc5f16d5c.
[2026-07-23 20:30:31.589] [error] [DownloadAssetsAction] Failed to download asset: d2aa32d74df0cfcdcb7b36862206762dc5f16d5c to path: /home/arvid/Documents/curseforge/minecraft/Install/assets/objects/d2/d2aa32d74df0cfcdcb7b36862206762dc5f16d5c. Error: Failed to download file: https://resources.download.minecraft.net/d2/d2aa32d74df0cfcdcb7b36862206762dc5f16d5c to /home/arvid/Documents/curseforge/minecraft/Install/assets/objects/d2/d2aa32d74df0cfcdcb7b36862206762dc5f16d5c
[2026-07-23 20:30:31.591] [error] [Radiuminator] Failed to download file: https://resources.download.minecraft.net/bd/bde0f483fb36757e6207767d65d02bd8a190c685 to /home/arvid/Documents/curseforge/minecraft/Install/assets/objects/bd/bde0f483fb36757e6207767d65d02bd8a190c685. Error: Failed downloading file: /home/arvid/Documents/curseforge/minecraft/Install/assets/objects/bd/bde0f483fb36757e6207767d65d02bd8a190c685.
[2026-07-23 20:30:31.591] [error] [DownloadAssetsAction] Failed to download asset: bde0f483fb36757e6207767d65d02bd8a190c685 to path: /home/arvid/Documents/curseforge/minecraft/Install/assets/objects/bd/bde0f483fb36757e6207767d65d02bd8a190c685. Error: Failed to download file: https://resources.download.minecraft.net/bd/bde0f483fb36757e6207767d65d02bd8a190c685 to /home/arvid/Documents/curseforge/minecraft/Install/assets/objects/bd/bde0f483fb36757e6207767d65d02bd8a190c685
[2026-07-23 20:30:31.594] [error] [Radiuminator] Failed to download file: https://resources.download.minecraft.net/ca/ca9e12d7b01c10932a3d16e33b9e317396c3d2ea to /home/arvid/Documents/curseforge/minecraft/Install/assets/objects/ca/ca9e12d7b01c10932a3d16e33b9e317396c3d2ea. Error: Failed downloading file: /home/arvid/Documents/curseforge/minecraft/Install/assets/objects/ca/ca9e12d7b01c10932a3d16e33b9e317396c3d2ea.
[2026-07-23 20:30:31.594] [error] [DownloadAssetsAction] Failed to download asset: ca9e12d7b01c10932a3d16e33b9e317396c3d2ea to path: /home/arvid/Documents/curseforge/minecraft/Install/assets/objects/ca/ca9e12d7b01c10932a3d16e33b9e317396c3d2ea. Error: Failed to download file: https://resources.download.minecraft.net/ca/ca9e12d7b01c10932a3d16e33b9e317396c3d2ea to /home/arvid/Documents/curseforge/minecraft/Install/assets/objects/ca/ca9e12d7b01c10932a3d16e33b9e317396c3d2ea
[2026-07-23 20:30:31.597] [error] [Radiuminator] Failed to download file: https://resources.download.minecraft.net/80/8011c7d566d5a6958832855d7328edba54702076 to /home/arvid/Documents/curseforge/minecraft/Install/assets/objects/80/8011c7d566d5a6958832855d7328edba54702076. Error: Failed downloading file: /home/arvid/Documents/curseforge/minecraft/Install/assets/objects/80/8011c7d566d5a6958832855d7328edba54702076.
[2026-07-23 20:30:31.597] [error] [DownloadAssetsAction] Failed to download asset: 8011c7d566d5a6958832855d7328edba54702076 to path: /home/arvid/Documents/curseforge/minecraft/Install/assets/objects/80/8011c7d566d5a6958832855d7328edba54702076. Error: Failed to download file: https://resources.download.minecraft.net/80/8011c7d566d5a6958832855d7328edba54702076 to /home/arvid/Documents/curseforge/minecraft/Install/assets/objects/80/8011c7d566d5a6958832855d7328edba54702076
[2026-07-23 20:30:31.599] [error] [Radiuminator] Failed to download file: https://resources.download.minecraft.net/66/66057f99ba11a223e1824ce006b4e2b288b6f895 to /home/arvid/Documents/curseforge/minecraft/Install/assets/objects/66/66057f99ba11a223e1824ce006b4e2b288b6f895. Error: Failed downloading file: /home/arvid/Documents/curseforge/minecraft/Install/assets/objects/66/66057f99ba11a223e1824ce006b4e2b288b6f895.
[2026-07-23 20:30:31.600] [error] [DownloadAssetsAction] Failed to download asset: 66057f99ba11a223e1824ce006b4e2b288b6f895 to path: /home/arvid/Documents/curseforge/minecraft/Install/assets/objects/66/66057f99ba11a223e1824ce006b4e2b288b6f895. Error: Failed to download file: https://resources.download.minecraft.net/66/66057f99ba11a223e1824ce006b4e2b288b6f895 to /home/arvid/Documents/curseforge/minecraft/Install/assets/objects/66/66057f99ba11a223e1824ce006b4e2b288b6f895
[2026-07-23 20:30:31.602] [error] [Radiuminator] Failed to download file: https://resources.download.minecraft.net/d7/d7637457a9290d5e10d965f3bea4a4e19937f87b to /home/arvid/Documents/curseforge/minecraft/Install/assets/objects/d7/d7637457a9290d5e10d965f3bea4a4e19937f87b. Error: Failed downloading file: /home/arvid/Documents/curseforge/minecraft/Install/assets/objects/d7/d7637457a9290d5e10d965f3bea4a4e19937f87b.
[2026-07-23 20:30:31.602] [error] [DownloadAssetsAction] Failed to download asset: d7637457a9290d5e10d965f3bea4a4e19937f87b to path: /home/arvid/Documents/curseforge/minecraft/Install/assets/objects/d7/d7637457a9290d5e10d965f3bea4a4e19937f87b. Error: Failed to download file: https://resources.download.minecraft.net/d7/d7637457a9290d5e10d965f3bea4a4e19937f87b to /home/arvid/Documents/curseforge/minecraft/Install/assets/objects/d7/d7637457a9290d5e10d965f3bea4a4e19937f87b
[2026-07-23 20:30:31.605] [error] [Radiuminator] Failed to download file: https://resources.download.minecraft.net/6c/6c5e816813bc17b1d7b65676e1ee29496d88015b to /home/arvid/Documents/curseforge/minecraft/Install/assets/objects/6c/6c5e816813bc17b1d7b65676e1ee29496d88015b. Error: Failed downloading file: /home/arvid/Documents/curseforge/minecraft/Install/assets/objects/6c/6c5e816813bc17b1d7b65676e1ee29496d88015b.
[2026-07-23 20:30:31.605] [error] [DownloadAssetsAction] Failed to download asset: 6c5e816813bc17b1d7b65676e1ee29496d88015b to path: /home/arvid/Documents/curseforge/minecraft/Install/assets/objects/6c/6c5e816813bc17b1d7b65676e1ee29496d88015b. Error: Failed to download file: https://resources.download.minecraft.net/6c/6c5e816813bc17b1d7b65676e1ee29496d88015b to /home/arvid/Documents/curseforge/minecraft/Install/assets/objects/6c/6c5e816813bc17b1d7b65676e1ee29496d88015b
[2026-07-23 20:30:31.608] [error] [Radiuminator] Failed to download file: https://resources.download.minecraft.net/ee/ee8edac9e045dbc0417c4f8bec83d291df40da61 to /home/arvid/Documents/curseforge/minecraft/Install/assets/objects/ee/ee8edac9e045dbc0417c4f8bec83d291df40da61. Error: Failed downloading file: /home/arvid/Documents/curseforge/minecraft/Install/assets/objects/ee/ee8edac9e045dbc0417c4f8bec83d291df40da61.
[2026-07-23 20:30:31.609] [error] [DownloadAssetsAction] Failed to download asset: ee8edac9e045dbc0417c4f8bec83d291df40da61 to path: /home/arvid/Documents/curseforge/minecraft/Install/assets/objects/ee/ee8edac9e045dbc0417c4f8bec83d291df40da61. Error: Failed to download file: https://resources.download.minecraft.net/ee/ee8edac9e045dbc0417c4f8bec83d291df40da61 to /home/arvid/Documents/curseforge/minecraft/Install/assets/objects/ee/ee8edac9e045dbc0417c4f8bec83d291df40da61
[2026-07-23 20:30:31.611] [error] [Radiuminator] Failed to download file: https://resources.download.minecraft.net/d5/d5a6435947ff3b0b2a161cc37d419cd7c49cf8b4 to /home/arvid/Documents/curseforge/minecraft/Install/assets/objects/d5/d5a6435947ff3b0b2a161cc37d419cd7c49cf8b4. Error: Failed downloading file: /home/arvid/Documents/curseforge/minecraft/Install/assets/objects/d5/d5a6435947ff3b0b2a161cc37d419cd7c49cf8b4.
[2026-07-23 20:30:31.611] [error] [DownloadAssetsAction] Failed to download asset: d5a6435947ff3b0b2a161cc37d419cd7c49cf8b4 to path: /home/arvid/Documents/curseforge/minecraft/Install/assets/objects/d5/d5a6435947ff3b0b2a161cc37d419cd7c49cf8b4. Error: Failed to download file: https://resources.download.minecraft.net/d5/d5a6435947ff3b0b2a161cc37d419cd7c49cf8b4 to /home/arvid/Documents/curseforge/minecraft/Install/assets/objects/d5/d5a6435947ff3b0b2a161cc37d419cd7c49cf8b4
[2026-07-23 20:30:31.614] [error] [Radiuminator] Failed to download file: https://resources.download.minecraft.net/e7/e7b80d7e20d07be914d7361b5ff71a3c3193ef4c to /home/arvid/Documents/curseforge/minecraft/Install/assets/objects/e7/e7b80d7e20d07be914d7361b5ff71a3c3193ef4c. Error: Failed downloading file: /home/arvid/Documents/curseforge/minecraft/Install/assets/objects/e7/e7b80d7e20d07be914d7361b5ff71a3c3193ef4c.
[2026-07-23 20:30:31.614] [error] [DownloadAssetsAction] Failed to download asset: e7b80d7e20d07be914d7361b5ff71a3c3193ef4c to path: /home/arvid/Documents/curseforge/minecraft/Install/assets/objects/e7/e7b80d7e20d07be914d7361b5ff71a3c3193ef4c. Error: Failed to download file: https://resources.download.minecraft.net/e7/e7b80d7e20d07be914d7361b5ff71a3c3193ef4c to /home/arvid/Documents/curseforge/minecraft/Install/assets/objects/e7/e7b80d7e20d07be914d7361b5ff71a3c3193ef4c
[2026-07-23 20:30:31.616] [error] [Radiuminator] Failed to download file: https://resources.download.minecraft.net/67/67cee209f2c06f4bc08d7e165fa7371557d4e261 to /home/arvid/Documents/curseforge/minecraft/Install/assets/objects/67/67cee209f2c06f4bc08d7e165fa7371557d4e261. Error: Failed downloading file: /home/arvid/Documents/curseforge/minecraft/Install/assets/objects/67/67cee209f2c06f4bc08d7e165fa7371557d4e261.
[2026-07-23 20:30:31.616] [error] [DownloadAssetsAction] Failed to download asset: 67cee209f2c06f4bc08d7e165fa7371557d4e261 to path: /home/arvid/Documents/curseforge/minecraft/Install/assets/objects/67/67cee209f2c06f4bc08d7e165fa7371557d4e261. Error: Failed to download file: https://resources.download.minecraft.net/67/67cee209f2c06f4bc08d7e165fa7371557d4e261 to /home/arvid/Documents/curseforge/minecraft/Install/assets/objects/67/67cee209f2c06f4bc08d7e165fa7371557d4e261
[2026-07-23 20:30:31.619] [error] [Radiuminator] Failed to download file: https://resources.download.minecraft.net/c2/c2d7c39f05beb02e6e6ea7bc703925fa3b965b76 to /home/arvid/Documents/curseforge/minecraft/Install/assets/objects/c2/c2d7c39f05beb02e6e6ea7bc703925fa3b965b76. Error: Failed downloading file: /home/arvid/Documents/curseforge/minecraft/Install/assets/objects/c2/c2d7c39f05beb02e6e6ea7bc703925fa3b965b76.
[2026-07-23 20:30:31.619] [error] [DownloadAssetsAction] Failed to download asset: c2d7c39f05beb02e6e6ea7bc703925fa3b965b76 to path: /home/arvid/Documents/curseforge/minecraft/Install/assets/objects/c2/c2d7c39f05beb02e6e6ea7bc703925fa3b965b76. Error: Failed to download file: https://resources.download.minecraft.net/c2/c2d7c39f05beb02e6e6ea7bc703925fa3b965b76 to /home/arvid/Documents/curseforge/minecraft/Install/assets/objects/c2/c2d7c39f05beb02e6e6ea7bc703925fa3b965b76
[2026-07-23 20:30:31.622] [error] [Radiuminator] Failed to download file: https://resources.download.minecraft.net/50/50b8c5f86880ac8ae12edf9e5ca21c857c187589 to /home/arvid/Documents/curseforge/minecraft/Install/assets/objects/50/50b8c5f86880ac8ae12edf9e5ca21c857c187589. Error: Failed downloading file: /home/arvid/Documents/curseforge/minecraft/Install/assets/objects/50/50b8c5f86880ac8ae12edf9e5ca21c857c187589.
[2026-07-23 20:30:31.622] [error] [DownloadAssetsAction] Failed to download asset: 50b8c5f86880ac8ae12edf9e5ca21c857c187589 to path: /home/arvid/Documents/curseforge/minecraft/Install/assets/objects/50/50b8c5f86880ac8ae12edf9e5ca21c857c187589. Error: Failed to download file: https://resources.download.minecraft.net/50/50b8c5f86880ac8ae12edf9e5ca21c857c187589 to /home/arvid/Documents/curseforge/minecraft/Install/assets/objects/50/50b8c5f86880ac8ae12edf9e5ca21c857c187589
[2026-07-23 20:30:31.625] [error] [Radiuminator] Failed to download file: https://resources.download.minecraft.net/32/3240aaa8b43d759b40c41b7f6c0d7dcc5ef7a77f to /home/arvid/Documents/curseforge/minecraft/Install/assets/objects/32/3240aaa8b43d759b40c41b7f6c0d7dcc5ef7a77f. Error: Failed downloading file: /home/arvid/Documents/curseforge/minecraft/Install/assets/objects/32/3240aaa8b43d759b40c41b7f6c0d7dcc5ef7a77f.
[2026-07-23 20:30:31.626] [error] [DownloadAssetsAction] Failed to download asset: 3240aaa8b43d759b40c41b7f6c0d7dcc5ef7a77f to path: /home/arvid/Documents/curseforge/minecraft/Install/assets/objects/32/3240aaa8b43d759b40c41b7f6c0d7dcc5ef7a77f. Error: Failed to download file: https://resources.download.minecraft.net/32/3240aaa8b43d759b40c41b7f6c0d7dcc5ef7a77f to /home/arvid/Documents/curseforge/minecraft/Install/assets/objects/32/3240aaa8b43d759b40c41b7f6c0d7dcc5ef7a77f
[2026-07-23 20:30:31.628] [error] [Radiuminator] Failed to download file: https://resources.download.minecraft.net/2b/2b39e6f85286eb29d02f76d3e6560d09040f0d65 to /home/arvid/Documents/curseforge/minecraft/Install/assets/objects/2b/2b39e6f85286eb29d02f76d3e6560d09040f0d65. Error: Failed downloading file: /home/arvid/Documents/curseforge/minecraft/Install/assets/objects/2b/2b39e6f85286eb29d02f76d3e6560d09040f0d65.
[2026-07-23 20:30:31.628] [error] [DownloadAssetsAction] Failed to download asset: 2b39e6f85286eb29d02f76d3e6560d09040f0d65 to path: /home/arvid/Documents/curseforge/minecraft/Install/assets/objects/2b/2b39e6f85286eb29d02f76d3e6560d09040f0d65. Error: Failed to download file: https://resources.download.minecraft.net/2b/2b39e6f85286eb29d02f76d3e6560d09040f0d65 to /home/arvid/Documents/curseforge/minecraft/Install/assets/objects/2b/2b39e6f85286eb29d02f76d3e6560d09040f0d65
[2026-07-23 20:30:31.631] [error] [Radiuminator] Failed to download file: https://resources.download.minecraft.net/6d/6d7b8dee1c4246bbcd8d860a99235f5adc0693cf to /home/arvid/Documents/curseforge/minecraft/Install/assets/objects/6d/6d7b8dee1c4246bbcd8d860a99235f5adc0693cf. Error: Failed downloading file: /home/arvid/Documents/curseforge/minecraft/Install/assets/objects/6d/6d7b8dee1c4246bbcd8d860a99235f5adc0693cf.
[2026-07-23 20:30:31.631] [error] [DownloadAssetsAction] Failed to download asset: 6d7b8dee1c4246bbcd8d860a99235f5adc0693cf to path: /home/arvid/Documents/curseforge/minecraft/Install/assets/objects/6d/6d7b8dee1c4246bbcd8d860a99235f5adc0693cf. Error: Failed to download file: https://resources.download.minecraft.net/6d/6d7b8dee1c4246bbcd8d860a99235f5adc0693cf to /home/arvid/Documents/curseforge/minecraft/Install/assets/objects/6d/6d7b8dee1c4246bbcd8d860a99235f5adc0693cf
[2026-07-23 20:30:31.636] [error] [Radiuminator] Failed to download file: https://resources.download.minecraft.net/9c/9c259771d24f49058f0c68d0f6fdb50559abf8c1 to /home/arvid/Documents/curseforge/minecraft/Install/assets/objects/9c/9c259771d24f49058f0c68d0f6fdb50559abf8c1. Error: Failed downloading file: /home/arvid/Documents/curseforge/minecraft/Install/assets/objects/9c/9c259771d24f49058f0c68d0f6fdb50559abf8c1.
[2026-07-23 20:30:31.636] [error] [DownloadAssetsAction] Failed to download asset: 9c259771d24f49058f0c68d0f6fdb50559abf8c1 to path: /home/arvid/Documents/curseforge/minecraft/Install/assets/objects/9c/9c259771d24f49058f0c68d0f6fdb50559abf8c1. Error: Failed to download file: https://resources.download.minecraft.net/9c/9c259771d24f49058f0c68d0f6fdb50559abf8c1 to /home/arvid/Documents/curseforge/minecraft/Install/assets/objects/9c/9c259771d24f49058f0c68d0f6fdb50559abf8c1
[2026-07-23 20:30:31.640] [error] [Radiuminator] Failed to download file: https://resources.download.minecraft.net/82/827a0a4ae4ae15bbb6e6aca13cd9804c2e93d82a to /home/arvid/Documents/curseforge/minecraft/Install/assets/objects/82/827a0a4ae4ae15bbb6e6aca13cd9804c2e93d82a. Error: Failed downloading file: /home/arvid/Documents/curseforge/minecraft/Install/assets/objects/82/827a0a4ae4ae15bbb6e6aca13cd9804c2e93d82a.
[2026-07-23 20:30:31.640] [error] [DownloadAssetsAction] Failed to download asset: 827a0a4ae4ae15bbb6e6aca13cd9804c2e93d82a to path: /home/arvid/Documents/curseforge/minecraft/Install/assets/objects/82/827a0a4ae4ae15bbb6e6aca13cd9804c2e93d82a. Error: Failed to download file: https://resources.download.minecraft.net/82/827a0a4ae4ae15bbb6e6aca13cd9804c2e93d82a to /home/arvid/Documents/curseforge/minecraft/Install/assets/objects/82/827a0a4ae4ae15bbb6e6aca13cd9804c2e93d82a
[2026-07-23 20:30:31.643] [error] [Radiuminator] Failed to download file: https://resources.download.minecraft.net/1b/1b2836933094cb2d8a1da3c4f31d88c1aed3dab2 to /home/arvid/Documents/curseforge/minecraft/Install/assets/objects/1b/1b2836933094cb2d8a1da3c4f31d88c1aed3dab2. Error: Failed downloading file: /home/arvid/Documents/curseforge/minecraft/Install/assets/objects/1b/1b2836933094cb2d8a1da3c4f31d88c1aed3dab2.
[2026-07-23 20:30:31.643] [error] [DownloadAssetsAction] Failed to download asset: 1b2836933094cb2d8a1da3c4f31d88c1aed3dab2 to path: /home/arvid/Documents/curseforge/minecraft/Install/assets/objects/1b/1b2836933094cb2d8a1da3c4f31d88c1aed3dab2. Error: Failed to download file: https://resources.download.minecraft.net/1b/1b2836933094cb2d8a1da3c4f31d88c1aed3dab2 to /home/arvid/Documents/curseforge/minecraft/Install/assets/objects/1b/1b2836933094cb2d8a1da3c4f31d88c1aed3dab2
[2026-07-23 20:30:31.646] [error] [Radiuminator] Failed to download file: https://resources.download.minecraft.net/38/38bd80df3daffdc57acf5bdb6f3a7ced662b9faf to /home/arvid/Documents/curseforge/minecraft/Install/assets/objects/38/38bd80df3daffdc57acf5bdb6f3a7ced662b9faf. Error: Failed downloading file: /home/arvid/Documents/curseforge/minecraft/Install/assets/objects/38/38bd80df3daffdc57acf5bdb6f3a7ced662b9faf.
[2026-07-23 20:30:31.646] [error] [DownloadAssetsAction] Failed to download asset: 38bd80df3daffdc57acf5bdb6f3a7ced662b9faf to path: /home/arvid/Documents/curseforge/minecraft/Install/assets/objects/38/38bd80df3daffdc57acf5bdb6f3a7ced662b9faf. Error: Failed to download file: https://resources.download.minecraft.net/38/38bd80df3daffdc57acf5bdb6f3a7ced662b9faf to /home/arvid/Documents/curseforge/minecraft/Install/assets/objects/38/38bd80df3daffdc57acf5bdb6f3a7ced662b9faf
[2026-07-23 20:30:31.649] [error] [Radiuminator] Failed to download file: https://resources.download.minecraft.net/e0/e054f5ac99734a9a34623e18e61bd34656065a36 to /home/arvid/Documents/curseforge/minecraft/Install/assets/objects/e0/e054f5ac99734a9a34623e18e61bd34656065a36. Error: Failed downloading file: /home/arvid/Documents/curseforge/minecraft/Install/assets/objects/e0/e054f5ac99734a9a34623e18e61bd34656065a36.
[2026-07-23 20:30:31.649] [error] [DownloadAssetsAction] Failed to download asset: e054f5ac99734a9a34623e18e61bd34656065a36 to path: /home/arvid/Documents/curseforge/minecraft/Install/assets/objects/e0/e054f5ac99734a9a34623e18e61bd34656065a36. Error: Failed to download file: https://resources.download.minecraft.net/e0/e054f5ac99734a9a34623e18e61bd34656065a36 to /home/arvid/Documents/curseforge/minecraft/Install/assets/objects/e0/e054f5ac99734a9a34623e18e61bd34656065a36
[2026-07-23 20:30:31.651] [error] [Radiuminator] Failed to download file: https://resources.download.minecraft.net/25/25b287d0f5b881618ceb8dcb867130bf63e87f30 to /home/arvid/Documents/curseforge/minecraft/Install/assets/objects/25/25b287d0f5b881618ceb8dcb867130bf63e87f30. Error: Failed downloading file: /home/arvid/Documents/curseforge/minecraft/Install/assets/objects/25/25b287d0f5b881618ceb8dcb867130bf63e87f30.
[2026-07-23 20:30:31.652] [error] [DownloadAssetsAction] Failed to download asset: 25b287d0f5b881618ceb8dcb867130bf63e87f30 to path: /home/arvid/Documents/curseforge/minecraft/Install/assets/objects/25/25b287d0f5b881618ceb8dcb867130bf63e87f30. Error: Failed to download file: https://resources.download.minecraft.net/25/25b287d0f5b881618ceb8dcb867130bf63e87f30 to /home/arvid/Documents/curseforge/minecraft/Install/assets/objects/25/25b287d0f5b881618ceb8dcb867130bf63e87f30
[2026-07-23 20:30:31.655] [error] [Radiuminator] Failed to download file: https://resources.download.minecraft.net/9a/9a9cebef7d5ecb48edf3ea9e9ee0936259eb2fb5 to /home/arvid/Documents/curseforge/minecraft/Install/assets/objects/9a/9a9cebef7d5ecb48edf3ea9e9ee0936259eb2fb5. Error: Failed downloading file: /home/arvid/Documents/curseforge/minecraft/Install/assets/objects/9a/9a9cebef7d5ecb48edf3ea9e9ee0936259eb2fb5.
[2026-07-23 20:30:31.655] [error] [DownloadAssetsAction] Failed to download asset: 9a9cebef7d5ecb48edf3ea9e9ee0936259eb2fb5 to path: /home/arvid/Documents/curseforge/minecraft/Install/assets/objects/9a/9a9cebef7d5ecb48edf3ea9e9ee0936259eb2fb5. Error: Failed to download file: https://resources.download.minecraft.net/9a/9a9cebef7d5ecb48edf3ea9e9ee0936259eb2fb5 to /home/arvid/Documents/curseforge/minecraft/Install/assets/objects/9a/9a9cebef7d5ecb48edf3ea9e9ee0936259eb2fb5
[2026-07-23 20:30:31.659] [error] [Radiuminator] Failed to download file: https://resources.download.minecraft.net/fd/fd136da589bcb1668581eb07195317d613de9993 to /home/arvid/Documents/curseforge/minecraft/Install/assets/objects/fd/fd136da589bcb1668581eb07195317d613de9993. Error: Failed downloading file: /home/arvid/Documents/curseforge/minecraft/Install/assets/objects/fd/fd136da589bcb1668581eb07195317d613de9993.
[2026-07-23 20:30:31.659] [error] [DownloadAssetsAction] Failed to download asset: fd136da589bcb1668581eb07195317d613de9993 to path: /home/arvid/Documents/curseforge/minecraft/Install/assets/objects/fd/fd136da589bcb1668581eb07195317d613de9993. Error: Failed to download file: https://resources.download.minecraft.net/fd/fd136da589bcb1668581eb07195317d613de9993 to /home/arvid/Documents/curseforge/minecraft/Install/assets/objects/fd/fd136da589bcb1668581eb07195317d613de9993
[2026-07-23 20:30:31.662] [error] [Radiuminator] Failed to download file: https://resources.download.minecraft.net/e1/e199ff64ffeb5af2ff6a932a79921e7c4af8a26d to /home/arvid/Documents/curseforge/minecraft/Install/assets/objects/e1/e199ff64ffeb5af2ff6a932a79921e7c4af8a26d. Error: Failed downloading file: /home/arvid/Documents/curseforge/minecraft/Install/assets/objects/e1/e199ff64ffeb5af2ff6a932a79921e7c4af8a26d.
[2026-07-23 20:30:31.662] [error] [DownloadAssetsAction] Failed to download asset: e199ff64ffeb5af2ff6a932a79921e7c4af8a26d to path: /home/arvid/Documents/curseforge/minecraft/Install/assets/objects/e1/e199ff64ffeb5af2ff6a932a79921e7c4af8a26d. Error: Failed to download file: https://resources.download.minecraft.net/e1/e199ff64ffeb5af2ff6a932a79921e7c4af8a26d to /home/arvid/Documents/curseforge/minecraft/Install/assets/objects/e1/e199ff64ffeb5af2ff6a932a79921e7c4af8a26d
[2026-07-23 20:30:31.665] [error] [Radiuminator] Failed to download file: https://resources.download.minecraft.net/01/0113fbf3e047f4fa4ef680ae7781326427e30f02 to /home/arvid/Documents/curseforge/minecraft/Install/assets/objects/01/0113fbf3e047f4fa4ef680ae7781326427e30f02. Error: Failed downloading file: /home/arvid/Documents/curseforge/minecraft/Install/assets/objects/01/0113fbf3e047f4fa4ef680ae7781326427e30f02.
[2026-07-23 20:30:31.665] [error] [DownloadAssetsAction] Failed to download asset: 0113fbf3e047f4fa4ef680ae7781326427e30f02 to path: /home/arvid/Documents/curseforge/minecraft/Install/assets/objects/01/0113fbf3e047f4fa4ef680ae7781326427e30f02. Error: Failed to download file: https://resources.download.minecraft.net/01/0113fbf3e047f4fa4ef680ae7781326427e30f02 to /home/arvid/Documents/curseforge/minecraft/Install/assets/objects/01/0113fbf3e047f4fa4ef680ae7781326427e30f02
[2026-07-23 20:30:31.667] [error] [Radiuminator] Failed to download file: https://resources.download.minecraft.net/aa/aae33a7c2a1392a44fc735e2bbd27ab66f58e9b8 to /home/arvid/Documents/curseforge/minecraft/Install/assets/objects/aa/aae33a7c2a1392a44fc735e2bbd27ab66f58e9b8. Error: Failed downloading file: /home/arvid/Documents/curseforge/minecraft/Install/assets/objects/aa/aae33a7c2a1392a44fc735e2bbd27ab66f58e9b8.
[2026-07-23 20:30:31.668] [error] [DownloadAssetsAction] Failed to download asset: aae33a7c2a1392a44fc735e2bbd27ab66f58e9b8 to path: /home/arvid/Documents/curseforge/minecraft/Install/assets/objects/aa/aae33a7c2a1392a44fc735e2bbd27ab66f58e9b8. Error: Failed to download file: https://resources.download.minecraft.net/aa/aae33a7c2a1392a44fc735e2bbd27ab66f58e9b8 to /home/arvid/Documents/curseforge/minecraft/Install/assets/objects/aa/aae33a7c2a1392a44fc735e2bbd27ab66f58e9b8
[2026-07-23 20:30:31.671] [error] [Radiuminator] Failed to download file: https://resources.download.minecraft.net/e9/e9f3b0fa15011bda6a5d62c5f6f3137663019ac4 to /home/arvid/Documents/curseforge/minecraft/Install/assets/objects/e9/e9f3b0fa15011bda6a5d62c5f6f3137663019ac4. Error: Failed downloading file: /home/arvid/Documents/curseforge/minecraft/Install/assets/objects/e9/e9f3b0fa15011bda6a5d62c5f6f3137663019ac4.
[2026-07-23 20:30:31.671] [error] [DownloadAssetsAction] Failed to download asset: e9f3b0fa15011bda6a5d62c5f6f3137663019ac4 to path: /home/arvid/Documents/curseforge/minecraft/Install/assets/objects/e9/e9f3b0fa15011bda6a5d62c5f6f3137663019ac4. Error: Failed to download file: https://resources.download.minecraft.net/e9/e9f3b0fa15011bda6a5d62c5f6f3137663019ac4 to /home/arvid/Documents/curseforge/minecraft/Install/assets/objects/e9/e9f3b0fa15011bda6a5d62c5f6f3137663019ac4
[2026-07-23 20:30:31.674] [error] [Radiuminator] Failed to download file: https://resources.download.minecraft.net/50/5041867a91a67cec2fa1ab572c351d2796a6f050 to /home/arvid/Documents/curseforge/minecraft/Install/assets/objects/50/5041867a91a67cec2fa1ab572c351d2796a6f050. Error: Failed downloading file: /home/arvid/Documents/curseforge/minecraft/Install/assets/objects/50/5041867a91a67cec2fa1ab572c351d2796a6f050.
[2026-07-23 20:30:31.675] [error] [DownloadAssetsAction] Failed to download asset: 5041867a91a67cec2fa1ab572c351d2796a6f050 to path: /home/arvid/Documents/curseforge/minecraft/Install/assets/objects/50/5041867a91a67cec2fa1ab572c351d2796a6f050. Error: Failed to download file: https://resources.download.minecraft.net/50/5041867a91a67cec2fa1ab572c351d2796a6f050 to /home/arvid/Documents/curseforge/minecraft/Install/assets/objects/50/5041867a91a67cec2fa1ab572c351d2796a6f050
[2026-07-23 20:30:31.677] [error] [Radiuminator] Failed to download file: https://resources.download.minecraft.net/4b/4b90ff3a9b1486642bc0f15da0045d83a91df82e to /home/arvid/Documents/curseforge/minecraft/Install/assets/objects/4b/4b90ff3a9b1486642bc0f15da0045d83a91df82e. Error: Failed downloading file: /home/arvid/Documents/curseforge/minecraft/Install/assets/objects/4b/4b90ff3a9b1486642bc0f15da0045d83a91df82e.
[2026-07-23 20:30:31.678] [error] [DownloadAssetsAction] Failed to download asset: 4b90ff3a9b1486642bc0f15da0045d83a91df82e to path: /home/arvid/Documents/curseforge/minecraft/Install/assets/objects/4b/4b90ff3a9b1486642bc0f15da0045d83a91df82e. Error: Failed to download file: https://resources.download.minecraft.net/4b/4b90ff3a9b1486642bc0f15da0045d83a91df82e to /home/arvid/Documents/curseforge/minecraft/Install/assets/objects/4b/4b90ff3a9b1486642bc0f15da0045d83a91df82e
[2026-07-23 20:30:31.680] [error] [Radiuminator] Failed to download file: https://resources.download.minecraft.net/c3/c31af622a2ee7beffb9daf72363a77a607be64a3 to /home/arvid/Documents/curseforge/minecraft/Install/assets/objects/c3/c31af622a2ee7beffb9daf72363a77a607be64a3. Error: Failed downloading file: /home/arvid/Documents/curseforge/minecraft/Install/assets/objects/c3/c31af622a2ee7beffb9daf72363a77a607be64a3.
[2026-07-23 20:30:31.681] [error] [DownloadAssetsAction] Failed to download asset: c31af622a2ee7beffb9daf72363a77a607be64a3 to path: /home/arvid/Documents/curseforge/minecraft/Install/assets/objects/c3/c31af622a2ee7beffb9daf72363a77a607be64a3. Error: Failed to download file: https://resources.download.minecraft.net/c3/c31af622a2ee7beffb9daf72363a77a607be64a3 to /home/arvid/Documents/curseforge/minecraft/Install/assets/objects/c3/c31af622a2ee7beffb9daf72363a77a607be64a3
[2026-07-23 20:30:31.683] [error] [Radiuminator] Failed to download file: https://resources.download.minecraft.net/83/8301a44446b04249e6896bc230f6d8c9d8e56273 to /home/arvid/Documents/curseforge/minecraft/Install/assets/objects/83/8301a44446b04249e6896bc230f6d8c9d8e56273. Error: Failed downloading file: /home/arvid/Documents/curseforge/minecraft/Install/assets/objects/83/8301a44446b04249e6896bc230f6d8c9d8e56273.
[2026-07-23 20:30:31.683] [error] [DownloadAssetsAction] Failed to download asset: 8301a44446b04249e6896bc230f6d8c9d8e56273 to path: /home/arvid/Documents/curseforge/minecraft/Install/assets/objects/83/8301a44446b04249e6896bc230f6d8c9d8e56273. Error: Failed to download file: https://resources.download.minecraft.net/83/8301a44446b04249e6896bc230f6d8c9d8e56273 to /home/arvid/Documents/curseforge/minecraft/Install/assets/objects/83/8301a44446b04249e6896bc230f6d8c9d8e56273
[2026-07-23 20:30:31.687] [error] [Radiuminator] Failed to download file: https://resources.download.minecraft.net/dd/dd67ac8cf15d54eff38ef9a790be4692bcba2900 to /home/arvid/Documents/curseforge/minecraft/Install/assets/objects/dd/dd67ac8cf15d54eff38ef9a790be4692bcba2900. Error: Failed downloading file: /home/arvid/Documents/curseforge/minecraft/Install/assets/objects/dd/dd67ac8cf15d54eff38ef9a790be4692bcba2900.
[2026-07-23 20:30:31.687] [error] [DownloadAssetsAction] Failed to download asset: dd67ac8cf15d54eff38ef9a790be4692bcba2900 to path: /home/arvid/Documents/curseforge/minecraft/Install/assets/objects/dd/dd67ac8cf15d54eff38ef9a790be4692bcba2900. Error: Failed to download file: https://resources.download.minecraft.net/dd/dd67ac8cf15d54eff38ef9a790be4692bcba2900 to /home/arvid/Documents/curseforge/minecraft/Install/assets/objects/dd/dd67ac8cf15d54eff38ef9a790be4692bcba2900
[2026-07-23 20:30:31.690] [error] [Radiuminator] Failed to download file: https://resources.download.minecraft.net/f0/f0d58706321168c2907cf13ae6f8ae9108244fc3 to /home/arvid/Documents/curseforge/minecraft/Install/assets/objects/f0/f0d58706321168c2907cf13ae6f8ae9108244fc3. Error: Failed downloading file: /home/arvid/Documents/curseforge/minecraft/Install/assets/objects/f0/f0d58706321168c2907cf13ae6f8ae9108244fc3.
[2026-07-23 20:30:31.691] [error] [DownloadAssetsAction] Failed to download asset: f0d58706321168c2907cf13ae6f8ae9108244fc3 to path: /home/arvid/Documents/curseforge/minecraft/Install/assets/objects/f0/f0d58706321168c2907cf13ae6f8ae9108244fc3. Error: Failed to download file: https://resources.download.minecraft.net/f0/f0d58706321168c2907cf13ae6f8ae9108244fc3 to /home/arvid/Documents/curseforge/minecraft/Install/assets/objects/f0/f0d58706321168c2907cf13ae6f8ae9108244fc3
[2026-07-23 20:30:31.693] [error] [Radiuminator] Failed to download file: https://resources.download.minecraft.net/d4/d4f6c468ad9536049023a9680483c4d44088e084 to /home/arvid/Documents/curseforge/minecraft/Install/assets/objects/d4/d4f6c468ad9536049023a9680483c4d44088e084. Error: Failed downloading file: /home/arvid/Documents/curseforge/minecraft/Install/assets/objects/d4/d4f6c468ad9536049023a9680483c4d44088e084.
[2026-07-23 20:30:31.693] [error] [DownloadAssetsAction] Failed to download asset: d4f6c468ad9536049023a9680483c4d44088e084 to path: /home/arvid/Documents/curseforge/minecraft/Install/assets/objects/d4/d4f6c468ad9536049023a9680483c4d44088e084. Error: Failed to download file: https://resources.download.minecraft.net/d4/d4f6c468ad9536049023a9680483c4d44088e084 to /home/arvid/Documents/curseforge/minecraft/Install/assets/objects/d4/d4f6c468ad9536049023a9680483c4d44088e084
[2026-07-23 20:30:31.696] [error] [Radiuminator] Failed to download file: https://resources.download.minecraft.net/5c/5c4cbba7fe4bc8214708f93f4db54102660a281d to /home/arvid/Documents/curseforge/minecraft/Install/assets/objects/5c/5c4cbba7fe4bc8214708f93f4db54102660a281d. Error: Failed downloading file: /home/arvid/Documents/curseforge/minecraft/Install/assets/objects/5c/5c4cbba7fe4bc8214708f93f4db54102660a281d.
[2026-07-23 20:30:31.696] [error] [DownloadAssetsAction] Failed to download asset: 5c4cbba7fe4bc8214708f93f4db54102660a281d to path: /home/arvid/Documents/curseforge/minecraft/Install/assets/objects/5c/5c4cbba7fe4bc8214708f93f4db54102660a281d. Error: Failed to download file: https://resources.download.minecraft.net/5c/5c4cbba7fe4bc8214708f93f4db54102660a281d to /home/arvid/Documents/curseforge/minecraft/Install/assets/objects/5c/5c4cbba7fe4bc8214708f93f4db54102660a281d
[2026-07-23 20:30:31.698] [error] [Radiuminator] Failed to download file: https://resources.download.minecraft.net/db/dbebdab8835d86493975dde6fd05db76de5a0605 to /home/arvid/Documents/curseforge/minecraft/Install/assets/objects/db/dbebdab8835d86493975dde6fd05db76de5a0605. Error: Failed downloading file: /home/arvid/Documents/curseforge/minecraft/Install/assets/objects/db/dbebdab8835d86493975dde6fd05db76de5a0605.
[2026-07-23 20:30:31.699] [error] [DownloadAssetsAction] Failed to download asset: dbebdab8835d86493975dde6fd05db76de5a0605 to path: /home/arvid/Documents/curseforge/minecraft/Install/assets/objects/db/dbebdab8835d86493975dde6fd05db76de5a0605. Error: Failed to download file: https://resources.download.minecraft.net/db/dbebdab8835d86493975dde6fd05db76de5a0605 to /home/arvid/Documents/curseforge/minecraft/Install/assets/objects/db/dbebdab8835d86493975dde6fd05db76de5a0605
[2026-07-23 20:30:31.701] [error] [Radiuminator] Failed to download file: https://resources.download.minecraft.net/5c/5cc7da22ff9cdea9175c8496c3e683d0ce97c9e2 to /home/arvid/Documents/curseforge/minecraft/Install/assets/objects/5c/5cc7da22ff9cdea9175c8496c3e683d0ce97c9e2. Error: Failed downloading file: /home/arvid/Documents/curseforge/minecraft/Install/assets/objects/5c/5cc7da22ff9cdea9175c8496c3e683d0ce97c9e2.
[2026-07-23 20:30:31.701] [error] [DownloadAssetsAction] Failed to download asset: 5cc7da22ff9cdea9175c8496c3e683d0ce97c9e2 to path: /home/arvid/Documents/curseforge/minecraft/Install/assets/objects/5c/5cc7da22ff9cdea9175c8496c3e683d0ce97c9e2. Error: Failed to download file: https://resources.download.minecraft.net/5c/5cc7da22ff9cdea9175c8496c3e683d0ce97c9e2 to /home/arvid/Documents/curseforge/minecraft/Install/assets/objects/5c/5cc7da22ff9cdea9175c8496c3e683d0ce97c9e2
[2026-07-23 20:30:31.704] [error] [Radiuminator] Failed to download file: https://resources.download.minecraft.net/c0/c0caa238bb45a074c117869eef193290fc27fb59 to /home/arvid/Documents/curseforge/minecraft/Install/assets/objects/c0/c0caa238bb45a074c117869eef193290fc27fb59. Error: Failed downloading file: /home/arvid/Documents/curseforge/minecraft/Install/assets/objects/c0/c0caa238bb45a074c117869eef193290fc27fb59.
[2026-07-23 20:30:31.705] [error] [DownloadAssetsAction] Failed to download asset: c0caa238bb45a074c117869eef193290fc27fb59 to path: /home/arvid/Documents/curseforge/minecraft/Install/assets/objects/c0/c0caa238bb45a074c117869eef193290fc27fb59. Error: Failed to download file: https://resources.download.minecraft.net/c0/c0caa238bb45a074c117869eef193290fc27fb59 to /home/arvid/Documents/curseforge/minecraft/Install/assets/objects/c0/c0caa238bb45a074c117869eef193290fc27fb59
[2026-07-23 20:30:31.708] [error] [Radiuminator] Failed to download file: https://resources.download.minecraft.net/7b/7b99a069d855e1089c025e75c0b4ea6699220804 to /home/arvid/Documents/curseforge/minecraft/Install/assets/objects/7b/7b99a069d855e1089c025e75c0b4ea6699220804. Error: Failed downloading file: /home/arvid/Documents/curseforge/minecraft/Install/assets/objects/7b/7b99a069d855e1089c025e75c0b4ea6699220804.
[2026-07-23 20:30:31.708] [error] [DownloadAssetsAction] Failed to download asset: 7b99a069d855e1089c025e75c0b4ea6699220804 to path: /home/arvid/Documents/curseforge/minecraft/Install/assets/objects/7b/7b99a069d855e1089c025e75c0b4ea6699220804. Error: Failed to download file: https://resources.download.minecraft.net/7b/7b99a069d855e1089c025e75c0b4ea6699220804 to /home/arvid/Documents/curseforge/minecraft/Install/assets/objects/7b/7b99a069d855e1089c025e75c0b4ea6699220804
[2026-07-23 20:30:31.710] [error] [Radiuminator] Failed to download file: https://resources.download.minecraft.net/7d/7d90eb9e088738c9ae7ad8b2951c7432a0d7cc44 to /home/arvid/Documents/curseforge/minecraft/Install/assets/objects/7d/7d90eb9e088738c9ae7ad8b2951c7432a0d7cc44. Error: Failed downloading file: /home/arvid/Documents/curseforge/minecraft/Install/assets/objects/7d/7d90eb9e088738c9ae7ad8b2951c7432a0d7cc44.
[2026-07-23 20:30:31.711] [error] [DownloadAssetsAction] Failed to download asset: 7d90eb9e088738c9ae7ad8b2951c7432a0d7cc44 to path: /home/arvid/Documents/curseforge/minecraft/Install/assets/objects/7d/7d90eb9e088738c9ae7ad8b2951c7432a0d7cc44. Error: Failed to download file: https://resources.download.minecraft.net/7d/7d90eb9e088738c9ae7ad8b2951c7432a0d7cc44 to /home/arvid/Documents/curseforge/minecraft/Install/assets/objects/7d/7d90eb9e088738c9ae7ad8b2951c7432a0d7cc44
[2026-07-23 20:30:31.713] [error] [Radiuminator] Failed to download file: https://resources.download.minecraft.net/ec/ec247f38f3f60f9e185b31e787c1ad43caa0c73c to /home/arvid/Documents/curseforge/minecraft/Install/assets/objects/ec/ec247f38f3f60f9e185b31e787c1ad43caa0c73c. Error: Failed downloading file: /home/arvid/Documents/curseforge/minecraft/Install/assets/objects/ec/ec247f38f3f60f9e185b31e787c1ad43caa0c73c.
[2026-07-23 20:30:31.713] [error] [DownloadAssetsAction] Failed to download asset: ec247f38f3f60f9e185b31e787c1ad43caa0c73c to path: /home/arvid/Documents/curseforge/minecraft/Install/assets/objects/ec/ec247f38f3f60f9e185b31e787c1ad43caa0c73c. Error: Failed to download file: https://resources.download.minecraft.net/ec/ec247f38f3f60f9e185b31e787c1ad43caa0c73c to /home/arvid/Documents/curseforge/minecraft/Install/assets/objects/ec/ec247f38f3f60f9e185b31e787c1ad43caa0c73c
[2026-07-23 20:30:31.716] [error] [Radiuminator] Failed to download file: https://resources.download.minecraft.net/fe/fef5251190146ab8e0abe80183cd78c243d7c6fe to /home/arvid/Documents/curseforge/minecraft/Install/assets/objects/fe/fef5251190146ab8e0abe80183cd78c243d7c6fe. Error: Failed downloading file: /home/arvid/Documents/curseforge/minecraft/Install/assets/objects/fe/fef5251190146ab8e0abe80183cd78c243d7c6fe.
[2026-07-23 20:30:31.716] [error] [DownloadAssetsAction] Failed to download asset: fef5251190146ab8e0abe80183cd78c243d7c6fe to path: /home/arvid/Documents/curseforge/minecraft/Install/assets/objects/fe/fef5251190146ab8e0abe80183cd78c243d7c6fe. Error: Failed to download file: https://resources.download.minecraft.net/fe/fef5251190146ab8e0abe80183cd78c243d7c6fe to /home/arvid/Documents/curseforge/minecraft/Install/assets/objects/fe/fef5251190146ab8e0abe80183cd78c243d7c6fe
[2026-07-23 20:30:31.722] [error] [Radiuminator] Failed to download file: https://resources.download.minecraft.net/e5/e555fcece121879fe0becbada9d01dea27ab153d to /home/arvid/Documents/curseforge/minecraft/Install/assets/objects/e5/e555fcece121879fe0becbada9d01dea27ab153d. Error: Failed downloading file: /home/arvid/Documents/curseforge/minecraft/Install/assets/objects/e5/e555fcece121879fe0becbada9d01dea27ab153d.
[2026-07-23 20:30:31.722] [error] [DownloadAssetsAction] Failed to download asset: e555fcece121879fe0becbada9d01dea27ab153d to path: /home/arvid/Documents/curseforge/minecraft/Install/assets/objects/e5/e555fcece121879fe0becbada9d01dea27ab153d. Error: Failed to download file: https://resources.download.minecraft.net/e5/e555fcece121879fe0becbada9d01dea27ab153d to /home/arvid/Documents/curseforge/minecraft/Install/assets/objects/e5/e555fcece121879fe0becbada9d01dea27ab153d
[2026-07-23 20:30:31.725] [error] [Radiuminator] Failed to download file: https://resources.download.minecraft.net/ce/ce3bbcf44fd72e3d0b3fbcbb7334d100619ca71e to /home/arvid/Documents/curseforge/minecraft/Install/assets/objects/ce/ce3bbcf44fd72e3d0b3fbcbb7334d100619ca71e. Error: Failed downloading file: /home/arvid/Documents/curseforge/minecraft/Install/assets/objects/ce/ce3bbcf44fd72e3d0b3fbcbb7334d100619ca71e.
[2026-07-23 20:30:31.725] [error] [DownloadAssetsAction] Failed to download asset: ce3bbcf44fd72e3d0b3fbcbb7334d100619ca71e to path: /home/arvid/Documents/curseforge/minecraft/Install/assets/objects/ce/ce3bbcf44fd72e3d0b3fbcbb7334d100619ca71e. Error: Failed to download file: https://resources.download.minecraft.net/ce/ce3bbcf44fd72e3d0b3fbcbb7334d100619ca71e to /home/arvid/Documents/curseforge/minecraft/Install/assets/objects/ce/ce3bbcf44fd72e3d0b3fbcbb7334d100619ca71e
[2026-07-23 20:30:31.728] [error] [Radiuminator] Failed to download file: https://resources.download.minecraft.net/db/db685fafb774a31072c6577a04a5693dba725155 to /home/arvid/Documents/curseforge/minecraft/Install/assets/objects/db/db685fafb774a31072c6577a04a5693dba725155. Error: Failed downloading file: /home/arvid/Documents/curseforge/minecraft/Install/assets/objects/db/db685fafb774a31072c6577a04a5693dba725155.
[2026-07-23 20:30:31.728] [error] [DownloadAssetsAction] Failed to download asset: db685fafb774a31072c6577a04a5693dba725155 to path: /home/arvid/Documents/curseforge/minecraft/Install/assets/objects/db/db685fafb774a31072c6577a04a5693dba725155. Error: Failed to download file: https://resources.download.minecraft.net/db/db685fafb774a31072c6577a04a5693dba725155 to /home/arvid/Documents/curseforge/minecraft/Install/assets/objects/db/db685fafb774a31072c6577a04a5693dba725155
[2026-07-23 20:30:31.731] [error] [Radiuminator] Failed to download file: https://resources.download.minecraft.net/9b/9bae8d2e28f81e1a5571a9ca6a6bf21595796658 to /home/arvid/Documents/curseforge/minecraft/Install/assets/objects/9b/9bae8d2e28f81e1a5571a9ca6a6bf21595796658. Error: Failed downloading file: /home/arvid/Documents/curseforge/minecraft/Install/assets/objects/9b/9bae8d2e28f81e1a5571a9ca6a6bf21595796658.
[2026-07-23 20:30:31.732] [error] [DownloadAssetsAction] Failed to download asset: 9bae8d2e28f81e1a5571a9ca6a6bf21595796658 to path: /home/arvid/Documents/curseforge/minecraft/Install/assets/objects/9b/9bae8d2e28f81e1a5571a9ca6a6bf21595796658. Error: Failed to download file: https://resources.download.minecraft.net/9b/9bae8d2e28f81e1a5571a9ca6a6bf21595796658 to /home/arvid/Documents/curseforge/minecraft/Install/assets/objects/9b/9bae8d2e28f81e1a5571a9ca6a6bf21595796658
[2026-07-23 20:30:31.734] [error] [Radiuminator] Failed to download file: https://resources.download.minecraft.net/66/668ebaccbc4572fc4a7a79b166f467823ffa8c50 to /home/arvid/Documents/curseforge/minecraft/Install/assets/objects/66/668ebaccbc4572fc4a7a79b166f467823ffa8c50. Error: Failed downloading file: /home/arvid/Documents/curseforge/minecraft/Install/assets/objects/66/668ebaccbc4572fc4a7a79b166f467823ffa8c50.
[2026-07-23 20:30:31.735] [error] [DownloadAssetsAction] Failed to download asset: 668ebaccbc4572fc4a7a79b166f467823ffa8c50 to path: /home/arvid/Documents/curseforge/minecraft/Install/assets/objects/66/668ebaccbc4572fc4a7a79b166f467823ffa8c50. Error: Failed to download file: https://resources.download.minecraft.net/66/668ebaccbc4572fc4a7a79b166f467823ffa8c50 to /home/arvid/Documents/curseforge/minecraft/Install/assets/objects/66/668ebaccbc4572fc4a7a79b166f467823ffa8c50
[2026-07-23 20:30:31.738] [error] [Radiuminator] Failed to download file: https://resources.download.minecraft.net/b0/b049ab95eb3a6f7fba35259cda3df9437259f590 to /home/arvid/Documents/curseforge/minecraft/Install/assets/objects/b0/b049ab95eb3a6f7fba35259cda3df9437259f590. Error: Failed downloading file: /home/arvid/Documents/curseforge/minecraft/Install/assets/objects/b0/b049ab95eb3a6f7fba35259cda3df9437259f590.
[2026-07-23 20:30:31.739] [error] [DownloadAssetsAction] Failed to download asset: b049ab95eb3a6f7fba35259cda3df9437259f590 to path: /home/arvid/Documents/curseforge/minecraft/Install/assets/objects/b0/b049ab95eb3a6f7fba35259cda3df9437259f590. Error: Failed to download file: https://resources.download.minecraft.net/b0/b049ab95eb3a6f7fba35259cda3df9437259f590 to /home/arvid/Documents/curseforge/minecraft/Install/assets/objects/b0/b049ab95eb3a6f7fba35259cda3df9437259f590
[2026-07-23 20:30:31.742] [error] [Radiuminator] Failed to download file: https://resources.download.minecraft.net/07/0714e023bd5b42e409b1aa12aee17376810282fe to /home/arvid/Documents/curseforge/minecraft/Install/assets/objects/07/0714e023bd5b42e409b1aa12aee17376810282fe. Error: Failed downloading file: /home/arvid/Documents/curseforge/minecraft/Install/assets/objects/07/0714e023bd5b42e409b1aa12aee17376810282fe.
[2026-07-23 20:30:31.742] [error] [DownloadAssetsAction] Failed to download asset: 0714e023bd5b42e409b1aa12aee17376810282fe to path: /home/arvid/Documents/curseforge/minecraft/Install/assets/objects/07/0714e023bd5b42e409b1aa12aee17376810282fe. Error: Failed to download file: https://resources.download.minecraft.net/07/0714e023bd5b42e409b1aa12aee17376810282fe to /home/arvid/Documents/curseforge/minecraft/Install/assets/objects/07/0714e023bd5b42e409b1aa12aee17376810282fe
[2026-07-23 20:30:31.745] [error] [Radiuminator] Failed to download file: https://resources.download.minecraft.net/39/394253f2575216683fc1926a0a387a3e5e90bc16 to /home/arvid/Documents/curseforge/minecraft/Install/assets/objects/39/394253f2575216683fc1926a0a387a3e5e90bc16. Error: Failed downloading file: /home/arvid/Documents/curseforge/minecraft/Install/assets/objects/39/394253f2575216683fc1926a0a387a3e5e90bc16.
[2026-07-23 20:30:31.745] [error] [DownloadAssetsAction] Failed to download asset: 394253f2575216683fc1926a0a387a3e5e90bc16 to path: /home/arvid/Documents/curseforge/minecraft/Install/assets/objects/39/394253f2575216683fc1926a0a387a3e5e90bc16. Error: Failed to download file: https://resources.download.minecraft.net/39/394253f2575216683fc1926a0a387a3e5e90bc16 to /home/arvid/Documents/curseforge/minecraft/Install/assets/objects/39/394253f2575216683fc1926a0a387a3e5e90bc16
[2026-07-23 20:30:31.748] [error] [Radiuminator] Failed to download file: https://resources.download.minecraft.net/ba/ba03ef98d9acdfc6696f41ddec0d0c95cb289d16 to /home/arvid/Documents/curseforge/minecraft/Install/assets/objects/ba/ba03ef98d9acdfc6696f41ddec0d0c95cb289d16. Error: Failed downloading file: /home/arvid/Documents/curseforge/minecraft/Install/assets/objects/ba/ba03ef98d9acdfc6696f41ddec0d0c95cb289d16.
[2026-07-23 20:30:31.748] [error] [DownloadAssetsAction] Failed to download asset: ba03ef98d9acdfc6696f41ddec0d0c95cb289d16 to path: /home/arvid/Documents/curseforge/minecraft/Install/assets/objects/ba/ba03ef98d9acdfc6696f41ddec0d0c95cb289d16. Error: Failed to download file: https://resources.download.minecraft.net/ba/ba03ef98d9acdfc6696f41ddec0d0c95cb289d16 to /home/arvid/Documents/curseforge/minecraft/Install/assets/objects/ba/ba03ef98d9acdfc6696f41ddec0d0c95cb289d16
[2026-07-23 20:30:31.751] [error] [Radiuminator] Failed to download file: https://resources.download.minecraft.net/54/5491bbc4482b2e8d8382fc7623828b7764693f4d to /home/arvid/Documents/curseforge/minecraft/Install/assets/objects/54/5491bbc4482b2e8d8382fc7623828b7764693f4d. Error: Failed downloading file: /home/arvid/Documents/curseforge/minecraft/Install/assets/objects/54/5491bbc4482b2e8d8382fc7623828b7764693f4d.
[2026-07-23 20:30:31.751] [error] [DownloadAssetsAction] Failed to download asset: 5491bbc4482b2e8d8382fc7623828b7764693f4d to path: /home/arvid/Documents/curseforge/minecraft/Install/assets/objects/54/5491bbc4482b2e8d8382fc7623828b7764693f4d. Error: Failed to download file: https://resources.download.minecraft.net/54/5491bbc4482b2e8d8382fc7623828b7764693f4d to /home/arvid/Documents/curseforge/minecraft/Install/assets/objects/54/5491bbc4482b2e8d8382fc7623828b7764693f4d
[2026-07-23 20:30:31.754] [error] [Radiuminator] Failed to download file: https://resources.download.minecraft.net/da/da1a3e592fc80324109b930d5282f2766fc3701d to /home/arvid/Documents/curseforge/minecraft/Install/assets/objects/da/da1a3e592fc80324109b930d5282f2766fc3701d. Error: Failed downloading file: /home/arvid/Documents/curseforge/minecraft/Install/assets/objects/da/da1a3e592fc80324109b930d5282f2766fc3701d.
[2026-07-23 20:30:31.755] [error] [DownloadAssetsAction] Failed to download asset: da1a3e592fc80324109b930d5282f2766fc3701d to path: /home/arvid/Documents/curseforge/minecraft/Install/assets/objects/da/da1a3e592fc80324109b930d5282f2766fc3701d. Error: Failed to download file: https://resources.download.minecraft.net/da/da1a3e592fc80324109b930d5282f2766fc3701d to /home/arvid/Documents/curseforge/minecraft/Install/assets/objects/da/da1a3e592fc80324109b930d5282f2766fc3701d
[2026-07-23 20:30:31.758] [error] [Radiuminator] Failed to download file: https://resources.download.minecraft.net/ac/ac6609153f895d292de440566eb23438aa9f846e to /home/arvid/Documents/curseforge/minecraft/Install/assets/objects/ac/ac6609153f895d292de440566eb23438aa9f846e. Error: Failed downloading file: /home/arvid/Documents/curseforge/minecraft/Install/assets/objects/ac/ac6609153f895d292de440566eb23438aa9f846e.
[2026-07-23 20:30:31.758] [error] [DownloadAssetsAction] Failed to download asset: ac6609153f895d292de440566eb23438aa9f846e to path: /home/arvid/Documents/curseforge/minecraft/Install/assets/objects/ac/ac6609153f895d292de440566eb23438aa9f846e. Error: Failed to download file: https://resources.download.minecraft.net/ac/ac6609153f895d292de440566eb23438aa9f846e to /home/arvid/Documents/curseforge/minecraft/Install/assets/objects/ac/ac6609153f895d292de440566eb23438aa9f846e
[2026-07-23 20:30:31.761] [error] [Radiuminator] Failed to download file: https://resources.download.minecraft.net/78/78244ba4bba775f92e51148fab026d7c399e9055 to /home/arvid/Documents/curseforge/minecraft/Install/assets/objects/78/78244ba4bba775f92e51148fab026d7c399e9055. Error: Failed downloading file: /home/arvid/Documents/curseforge/minecraft/Install/assets/objects/78/78244ba4bba775f92e51148fab026d7c399e9055.
[2026-07-23 20:30:31.761] [error] [DownloadAssetsAction] Failed to download asset: 78244ba4bba775f92e51148fab026d7c399e9055 to path: /home/arvid/Documents/curseforge/minecraft/Install/assets/objects/78/78244ba4bba775f92e51148fab026d7c399e9055. Error: Failed to download file: https://resources.download.minecraft.net/78/78244ba4bba775f92e51148fab026d7c399e9055 to /home/arvid/Documents/curseforge/minecraft/Install/assets/objects/78/78244ba4bba775f92e51148fab026d7c399e9055
[2026-07-23 20:30:31.764] [error] [Radiuminator] Failed to download file: https://resources.download.minecraft.net/ec/eceb70cb374cc410ac23e00fc95ca0404f8a20f4 to /home/arvid/Documents/curseforge/minecraft/Install/assets/objects/ec/eceb70cb374cc410ac23e00fc95ca0404f8a20f4. Error: Failed downloading file: /home/arvid/Documents/curseforge/minecraft/Install/assets/objects/ec/eceb70cb374cc410ac23e00fc95ca0404f8a20f4.
[2026-07-23 20:30:31.764] [error] [DownloadAssetsAction] Failed to download asset: eceb70cb374cc410ac23e00fc95ca0404f8a20f4 to path: /home/arvid/Documents/curseforge/minecraft/Install/assets/objects/ec/eceb70cb374cc410ac23e00fc95ca0404f8a20f4. Error: Failed to download file: https://resources.download.minecraft.net/ec/eceb70cb374cc410ac23e00fc95ca0404f8a20f4 to /home/arvid/Documents/curseforge/minecraft/Install/assets/objects/ec/eceb70cb374cc410ac23e00fc95ca0404f8a20f4
[2026-07-23 20:30:31.767] [error] [Radiuminator] Failed to download file: https://resources.download.minecraft.net/ac/accc7a55d92bf4a8509daeb8415b1a36a3646deb to /home/arvid/Documents/curseforge/minecraft/Install/assets/objects/ac/accc7a55d92bf4a8509daeb8415b1a36a3646deb. Error: Failed downloading file: /home/arvid/Documents/curseforge/minecraft/Install/assets/objects/ac/accc7a55d92bf4a8509daeb8415b1a36a3646deb.
[2026-07-23 20:30:31.768] [error] [DownloadAssetsAction] Failed to download asset: accc7a55d92bf4a8509daeb8415b1a36a3646deb to path: /home/arvid/Documents/curseforge/minecraft/Install/assets/objects/ac/accc7a55d92bf4a8509daeb8415b1a36a3646deb. Error: Failed to download file: https://resources.download.minecraft.net/ac/accc7a55d92bf4a8509daeb8415b1a36a3646deb to /home/arvid/Documents/curseforge/minecraft/Install/assets/objects/ac/accc7a55d92bf4a8509daeb8415b1a36a3646deb
[2026-07-23 20:30:31.771] [error] [Radiuminator] Failed to download file: https://resources.download.minecraft.net/03/0331eec018c422631e6cb00960eea3e2c5c6e559 to /home/arvid/Documents/curseforge/minecraft/Install/assets/objects/03/0331eec018c422631e6cb00960eea3e2c5c6e559. Error: Failed downloading file: /home/arvid/Documents/curseforge/minecraft/Install/assets/objects/03/0331eec018c422631e6cb00960eea3e2c5c6e559.
[2026-07-23 20:30:31.772] [error] [DownloadAssetsAction] Failed to download asset: 0331eec018c422631e6cb00960eea3e2c5c6e559 to path: /home/arvid/Documents/curseforge/minecraft/Install/assets/objects/03/0331eec018c422631e6cb00960eea3e2c5c6e559. Error: Failed to download file: https://resources.download.minecraft.net/03/0331eec018c422631e6cb00960eea3e2c5c6e559 to /home/arvid/Documents/curseforge/minecraft/Install/assets/objects/03/0331eec018c422631e6cb00960eea3e2c5c6e559
[2026-07-23 20:30:31.775] [error] [Radiuminator] Failed to download file: https://resources.download.minecraft.net/77/77e87c6b92d268d8dc5a25780340461cda53b99c to /home/arvid/Documents/curseforge/minecraft/Install/assets/objects/77/77e87c6b92d268d8dc5a25780340461cda53b99c. Error: Failed downloading file: /home/arvid/Documents/curseforge/minecraft/Install/assets/objects/77/77e87c6b92d268d8dc5a25780340461cda53b99c.
[2026-07-23 20:30:31.775] [error] [DownloadAssetsAction] Failed to download asset: 77e87c6b92d268d8dc5a25780340461cda53b99c to path: /home/arvid/Documents/curseforge/minecraft/Install/assets/objects/77/77e87c6b92d268d8dc5a25780340461cda53b99c. Error: Failed to download file: https://resources.download.minecraft.net/77/77e87c6b92d268d8dc5a25780340461cda53b99c to /home/arvid/Documents/curseforge/minecraft/Install/assets/objects/77/77e87c6b92d268d8dc5a25780340461cda53b99c
[2026-07-23 20:30:31.778] [error] [Radiuminator] Failed to download file: https://resources.download.minecraft.net/25/25fc442f8a0abf99be8e7f507e63c5866a055c70 to /home/arvid/Documents/curseforge/minecraft/Install/assets/objects/25/25fc442f8a0abf99be8e7f507e63c5866a055c70. Error: Failed downloading file: /home/arvid/Documents/curseforge/minecraft/Install/assets/objects/25/25fc442f8a0abf99be8e7f507e63c5866a055c70.
[2026-07-23 20:30:31.779] [error] [DownloadAssetsAction] Failed to download asset: 25fc442f8a0abf99be8e7f507e63c5866a055c70 to path: /home/arvid/Documents/curseforge/minecraft/Install/assets/objects/25/25fc442f8a0abf99be8e7f507e63c5866a055c70. Error: Failed to download file: https://resources.download.minecraft.net/25/25fc442f8a0abf99be8e7f507e63c5866a055c70 to /home/arvid/Documents/curseforge/minecraft/Install/assets/objects/25/25fc442f8a0abf99be8e7f507e63c5866a055c70
[2026-07-23 20:30:31.782] [error] [Radiuminator] Failed to download file: https://resources.download.minecraft.net/02/02e77c97360b82170ee58723ac2519fcd79b821e to /home/arvid/Documents/curseforge/minecraft/Install/assets/objects/02/02e77c97360b82170ee58723ac2519fcd79b821e. Error: Failed downloading file: /home/arvid/Documents/curseforge/minecraft/Install/assets/objects/02/02e77c97360b82170ee58723ac2519fcd79b821e.
[2026-07-23 20:30:31.782] [error] [DownloadAssetsAction] Failed to download asset: 02e77c97360b82170ee58723ac2519fcd79b821e to path: /home/arvid/Documents/curseforge/minecraft/Install/assets/objects/02/02e77c97360b82170ee58723ac2519fcd79b821e. Error: Failed to download file: https://resources.download.minecraft.net/02/02e77c97360b82170ee58723ac2519fcd79b821e to /home/arvid/Documents/curseforge/minecraft/Install/assets/objects/02/02e77c97360b82170ee58723ac2519fcd79b821e
[2026-07-23 20:30:31.785] [error] [Radiuminator] Failed to download file: https://resources.download.minecraft.net/3f/3f8b9415f67443206f6af52c1471d0de0354d046 to /home/arvid/Documents/curseforge/minecraft/Install/assets/objects/3f/3f8b9415f67443206f6af52c1471d0de0354d046. Error: Failed downloading file: /home/arvid/Documents/curseforge/minecraft/Install/assets/objects/3f/3f8b9415f67443206f6af52c1471d0de0354d046.
[2026-07-23 20:30:31.785] [error] [DownloadAssetsAction] Failed to download asset: 3f8b9415f67443206f6af52c1471d0de0354d046 to path: /home/arvid/Documents/curseforge/minecraft/Install/assets/objects/3f/3f8b9415f67443206f6af52c1471d0de0354d046. Error: Failed to download file: https://resources.download.minecraft.net/3f/3f8b9415f67443206f6af52c1471d0de0354d046 to /home/arvid/Documents/curseforge/minecraft/Install/assets/objects/3f/3f8b9415f67443206f6af52c1471d0de0354d046
[2026-07-23 20:30:31.789] [error] [Radiuminator] Failed to download file: https://resources.download.minecraft.net/95/95805aac201b6852d0ab35bd2c75cfa64a926447 to /home/arvid/Documents/curseforge/minecraft/Install/assets/objects/95/95805aac201b6852d0ab35bd2c75cfa64a926447. Error: Failed downloading file: /home/arvid/Documents/curseforge/minecraft/Install/assets/objects/95/95805aac201b6852d0ab35bd2c75cfa64a926447.
[2026-07-23 20:30:31.789] [error] [DownloadAssetsAction] Failed to download asset: 95805aac201b6852d0ab35bd2c75cfa64a926447 to path: /home/arvid/Documents/curseforge/minecraft/Install/assets/objects/95/95805aac201b6852d0ab35bd2c75cfa64a926447. Error: Failed to download file: https://resources.download.minecraft.net/95/95805aac201b6852d0ab35bd2c75cfa64a926447 to /home/arvid/Documents/curseforge/minecraft/Install/assets/objects/95/95805aac201b6852d0ab35bd2c75cfa64a926447
[2026-07-23 20:30:31.792] [error] [Radiuminator] Failed to download file: https://resources.download.minecraft.net/f5/f5873a8f416388c2ded80b4ffab6d65b7f18b305 to /home/arvid/Documents/curseforge/minecraft/Install/assets/objects/f5/f5873a8f416388c2ded80b4ffab6d65b7f18b305. Error: Failed downloading file: /home/arvid/Documents/curseforge/minecraft/Install/assets/objects/f5/f5873a8f416388c2ded80b4ffab6d65b7f18b305.
[2026-07-23 20:30:31.793] [error] [DownloadAssetsAction] Failed to download asset: f5873a8f416388c2ded80b4ffab6d65b7f18b305 to path: /home/arvid/Documents/curseforge/minecraft/Install/assets/objects/f5/f5873a8f416388c2ded80b4ffab6d65b7f18b305. Error: Failed to download file: https://resources.download.minecraft.net/f5/f5873a8f416388c2ded80b4ffab6d65b7f18b305 to /home/arvid/Documents/curseforge/minecraft/Install/assets/objects/f5/f5873a8f416388c2ded80b4ffab6d65b7f18b305
[2026-07-23 20:30:31.795] [error] [Radiuminator] Failed to download file: https://resources.download.minecraft.net/3c/3cffe887c0882fa146d5671898a4d6c23ec72920 to /home/arvid/Documents/curseforge/minecraft/Install/assets/objects/3c/3cffe887c0882fa146d5671898a4d6c23ec72920. Error: Failed downloading file: /home/arvid/Documents/curseforge/minecraft/Install/assets/objects/3c/3cffe887c0882fa146d5671898a4d6c23ec72920.
[2026-07-23 20:30:31.796] [error] [DownloadAssetsAction] Failed to download asset: 3cffe887c0882fa146d5671898a4d6c23ec72920 to path: /home/arvid/Documents/curseforge/minecraft/Install/assets/objects/3c/3cffe887c0882fa146d5671898a4d6c23ec72920. Error: Failed to download file: https://resources.download.minecraft.net/3c/3cffe887c0882fa146d5671898a4d6c23ec72920 to /home/arvid/Documents/curseforge/minecraft/Install/assets/objects/3c/3cffe887c0882fa146d5671898a4d6c23ec72920
[2026-07-23 20:30:31.798] [error] [Radiuminator] Failed to download file: https://resources.download.minecraft.net/e7/e72ee78cbc57a43a37ba6db660d9e1eeb0d75f88 to /home/arvid/Documents/curseforge/minecraft/Install/assets/objects/e7/e72ee78cbc57a43a37ba6db660d9e1eeb0d75f88. Error: Failed downloading file: /home/arvid/Documents/curseforge/minecraft/Install/assets/objects/e7/e72ee78cbc57a43a37ba6db660d9e1eeb0d75f88.
[2026-07-23 20:30:31.798] [error] [DownloadAssetsAction] Failed to download asset: e72ee78cbc57a43a37ba6db660d9e1eeb0d75f88 to path: /home/arvid/Documents/curseforge/minecraft/Install/assets/objects/e7/e72ee78cbc57a43a37ba6db660d9e1eeb0d75f88. Error: Failed to download file: https://resources.download.minecraft.net/e7/e72ee78cbc57a43a37ba6db660d9e1eeb0d75f88 to /home/arvid/Documents/curseforge/minecraft/Install/assets/objects/e7/e72ee78cbc57a43a37ba6db660d9e1eeb0d75f88
[2026-07-23 20:30:31.801] [error] [Radiuminator] Failed to download file: https://resources.download.minecraft.net/4e/4ee5fde6bf85cd6a777aa2fcc56ed33e1c574f04 to /home/arvid/Documents/curseforge/minecraft/Install/assets/objects/4e/4ee5fde6bf85cd6a777aa2fcc56ed33e1c574f04. Error: Failed downloading file: /home/arvid/Documents/curseforge/minecraft/Install/assets/objects/4e/4ee5fde6bf85cd6a777aa2fcc56ed33e1c574f04.
[2026-07-23 20:30:31.801] [error] [DownloadAssetsAction] Failed to download asset: 4ee5fde6bf85cd6a777aa2fcc56ed33e1c574f04 to path: /home/arvid/Documents/curseforge/minecraft/Install/assets/objects/4e/4ee5fde6bf85cd6a777aa2fcc56ed33e1c574f04. Error: Failed to download file: https://resources.download.minecraft.net/4e/4ee5fde6bf85cd6a777aa2fcc56ed33e1c574f04 to /home/arvid/Documents/curseforge/minecraft/Install/assets/objects/4e/4ee5fde6bf85cd6a777aa2fcc56ed33e1c574f04
[2026-07-23 20:30:31.805] [error] [Radiuminator] Failed to download file: https://resources.download.minecraft.net/b0/b0720899be6f974ad8385ac159bfb165cd732fb2 to /home/arvid/Documents/curseforge/minecraft/Install/assets/objects/b0/b0720899be6f974ad8385ac159bfb165cd732fb2. Error: Failed downloading file: /home/arvid/Documents/curseforge/minecraft/Install/assets/objects/b0/b0720899be6f974ad8385ac159bfb165cd732fb2.
[2026-07-23 20:30:31.805] [error] [DownloadAssetsAction] Failed to download asset: b0720899be6f974ad8385ac159bfb165cd732fb2 to path: /home/arvid/Documents/curseforge/minecraft/Install/assets/objects/b0/b0720899be6f974ad8385ac159bfb165cd732fb2. Error: Failed to download file: https://resources.download.minecraft.net/b0/b0720899be6f974ad8385ac159bfb165cd732fb2 to /home/arvid/Documents/curseforge/minecraft/Install/assets/objects/b0/b0720899be6f974ad8385ac159bfb165cd732fb2
[2026-07-23 20:30:31.808] [error] [Radiuminator] Failed to download file: https://resources.download.minecraft.net/71/715f8e684d4353f45eaa4e6f0ca82de0b7db71ff to /home/arvid/Documents/curseforge/minecraft/Install/assets/objects/71/715f8e684d4353f45eaa4e6f0ca82de0b7db71ff. Error: Failed downloading file: /home/arvid/Documents/curseforge/minecraft/Install/assets/objects/71/715f8e684d4353f45eaa4e6f0ca82de0b7db71ff.
[2026-07-23 20:30:31.809] [error] [DownloadAssetsAction] Failed to download asset: 715f8e684d4353f45eaa4e6f0ca82de0b7db71ff to path: /home/arvid/Documents/curseforge/minecraft/Install/assets/objects/71/715f8e684d4353f45eaa4e6f0ca82de0b7db71ff. Error: Failed to download file: https://resources.download.minecraft.net/71/715f8e684d4353f45eaa4e6f0ca82de0b7db71ff to /home/arvid/Documents/curseforge/minecraft/Install/assets/objects/71/715f8e684d4353f45eaa4e6f0ca82de0b7db71ff
[2026-07-23 20:30:31.813] [error] [Radiuminator] Failed to download file: https://resources.download.minecraft.net/88/888fb12c5fb536268747df857ad439e17a4a2f44 to /home/arvid/Documents/curseforge/minecraft/Install/assets/objects/88/888fb12c5fb536268747df857ad439e17a4a2f44. Error: Failed downloading file: /home/arvid/Documents/curseforge/minecraft/Install/assets/objects/88/888fb12c5fb536268747df857ad439e17a4a2f44.
[2026-07-23 20:30:31.814] [error] [DownloadAssetsAction] Failed to download asset: 888fb12c5fb536268747df857ad439e17a4a2f44 to path: /home/arvid/Documents/curseforge/minecraft/Install/assets/objects/88/888fb12c5fb536268747df857ad439e17a4a2f44. Error: Failed to download file: https://resources.download.minecraft.net/88/888fb12c5fb536268747df857ad439e17a4a2f44 to /home/arvid/Documents/curseforge/minecraft/Install/assets/objects/88/888fb12c5fb536268747df857ad439e17a4a2f44
[2026-07-23 20:30:31.817] [error] [Radiuminator] Failed to download file: https://resources.download.minecraft.net/36/36409234aed55db1d006a65b92f1c64be4e4bbe0 to /home/arvid/Documents/curseforge/minecraft/Install/assets/objects/36/36409234aed55db1d006a65b92f1c64be4e4bbe0. Error: Failed downloading file: /home/arvid/Documents/curseforge/minecraft/Install/assets/objects/36/36409234aed55db1d006a65b92f1c64be4e4bbe0.
[2026-07-23 20:30:31.818] [error] [DownloadAssetsAction] Failed to download asset: 36409234aed55db1d006a65b92f1c64be4e4bbe0 to path: /home/arvid/Documents/curseforge/minecraft/Install/assets/objects/36/36409234aed55db1d006a65b92f1c64be4e4bbe0. Error: Failed to download file: https://resources.download.minecraft.net/36/36409234aed55db1d006a65b92f1c64be4e4bbe0 to /home/arvid/Documents/curseforge/minecraft/Install/assets/objects/36/36409234aed55db1d006a65b92f1c64be4e4bbe0
[2026-07-23 20:30:31.821] [error] [Radiuminator] Failed to download file: https://resources.download.minecraft.net/9f/9f910c27c8cf336f211a75830821b0ec6abf6fa9 to /home/arvid/Documents/curseforge/minecraft/Install/assets/objects/9f/9f910c27c8cf336f211a75830821b0ec6abf6fa9. Error: Failed downloading file: /home/arvid/Documents/curseforge/minecraft/Install/assets/objects/9f/9f910c27c8cf336f211a75830821b0ec6abf6fa9.
[2026-07-23 20:30:31.822] [error] [DownloadAssetsAction] Failed to download asset: 9f910c27c8cf336f211a75830821b0ec6abf6fa9 to path: /home/arvid/Documents/curseforge/minecraft/Install/assets/objects/9f/9f910c27c8cf336f211a75830821b0ec6abf6fa9. Error: Failed to download file: https://resources.download.minecraft.net/9f/9f910c27c8cf336f211a75830821b0ec6abf6fa9 to /home/arvid/Documents/curseforge/minecraft/Install/assets/objects/9f/9f910c27c8cf336f211a75830821b0ec6abf6fa9
[2026-07-23 20:30:31.825] [error] [Radiuminator] Failed to download file: https://resources.download.minecraft.net/da/da71b9f569cffbd8b4c88dbd30767315aba8067b to /home/arvid/Documents/curseforge/minecraft/Install/assets/objects/da/da71b9f569cffbd8b4c88dbd30767315aba8067b. Error: Failed downloading file: /home/arvid/Documents/curseforge/minecraft/Install/assets/objects/da/da71b9f569cffbd8b4c88dbd30767315aba8067b.
[2026-07-23 20:30:31.826] [error] [DownloadAssetsAction] Failed to download asset: da71b9f569cffbd8b4c88dbd30767315aba8067b to path: /home/arvid/Documents/curseforge/minecraft/Install/assets/objects/da/da71b9f569cffbd8b4c88dbd30767315aba8067b. Error: Failed to download file: https://resources.download.minecraft.net/da/da71b9f569cffbd8b4c88dbd30767315aba8067b to /home/arvid/Documents/curseforge/minecraft/Install/assets/objects/da/da71b9f569cffbd8b4c88dbd30767315aba8067b
[2026-07-23 20:30:31.828] [error] [Radiuminator] Failed to download file: https://resources.download.minecraft.net/50/50bf881d5a1a484f15f009bf0b86703111834516 to /home/arvid/Documents/curseforge/minecraft/Install/assets/objects/50/50bf881d5a1a484f15f009bf0b86703111834516. Error: Failed downloading file: /home/arvid/Documents/curseforge/minecraft/Install/assets/objects/50/50bf881d5a1a484f15f009bf0b86703111834516.
[2026-07-23 20:30:31.829] [error] [DownloadAssetsAction] Failed to download asset: 50bf881d5a1a484f15f009bf0b86703111834516 to path: /home/arvid/Documents/curseforge/minecraft/Install/assets/objects/50/50bf881d5a1a484f15f009bf0b86703111834516. Error: Failed to download file: https://resources.download.minecraft.net/50/50bf881d5a1a484f15f009bf0b86703111834516 to /home/arvid/Documents/curseforge/minecraft/Install/assets/objects/50/50bf881d5a1a484f15f009bf0b86703111834516
[2026-07-23 20:30:31.832] [error] [Radiuminator] Failed to download file: https://resources.download.minecraft.net/9a/9a9d88fc2ba4c56b0089df4441f3a3ac1fcb8b0e to /home/arvid/Documents/curseforge/minecraft/Install/assets/objects/9a/9a9d88fc2ba4c56b0089df4441f3a3ac1fcb8b0e. Error: Failed downloading file: /home/arvid/Documents/curseforge/minecraft/Install/assets/objects/9a/9a9d88fc2ba4c56b0089df4441f3a3ac1fcb8b0e.
[2026-07-23 20:30:31.832] [error] [DownloadAssetsAction] Failed to download asset: 9a9d88fc2ba4c56b0089df4441f3a3ac1fcb8b0e to path: /home/arvid/Documents/curseforge/minecraft/Install/assets/objects/9a/9a9d88fc2ba4c56b0089df4441f3a3ac1fcb8b0e. Error: Failed to download file: https://resources.download.minecraft.net/9a/9a9d88fc2ba4c56b0089df4441f3a3ac1fcb8b0e to /home/arvid/Documents/curseforge/minecraft/Install/assets/objects/9a/9a9d88fc2ba4c56b0089df4441f3a3ac1fcb8b0e
[2026-07-23 20:30:31.835] [error] [Radiuminator] Failed to download file: https://resources.download.minecraft.net/8e/8ea4cfd31d4f286b039a63d52020aa6b5408a763 to /home/arvid/Documents/curseforge/minecraft/Install/assets/objects/8e/8ea4cfd31d4f286b039a63d52020aa6b5408a763. Error: Failed downloading file: /home/arvid/Documents/curseforge/minecraft/Install/assets/objects/8e/8ea4cfd31d4f286b039a63d52020aa6b5408a763.
[2026-07-23 20:30:31.835] [error] [DownloadAssetsAction] Failed to download asset: 8ea4cfd31d4f286b039a63d52020aa6b5408a763 to path: /home/arvid/Documents/curseforge/minecraft/Install/assets/objects/8e/8ea4cfd31d4f286b039a63d52020aa6b5408a763. Error: Failed to download file: https://resources.download.minecraft.net/8e/8ea4cfd31d4f286b039a63d52020aa6b5408a763 to /home/arvid/Documents/curseforge/minecraft/Install/assets/objects/8e/8ea4cfd31d4f286b039a63d52020aa6b5408a763
[2026-07-23 20:30:31.839] [error] [Radiuminator] Failed to download file: https://resources.download.minecraft.net/4e/4ed7023a970b7f6a6d03558c3125fe85fea4ecd8 to /home/arvid/Documents/curseforge/minecraft/Install/assets/objects/4e/4ed7023a970b7f6a6d03558c3125fe85fea4ecd8. Error: Failed downloading file: /home/arvid/Documents/curseforge/minecraft/Install/assets/objects/4e/4ed7023a970b7f6a6d03558c3125fe85fea4ecd8.
[2026-07-23 20:30:31.839] [error] [DownloadAssetsAction] Failed to download asset: 4ed7023a970b7f6a6d03558c3125fe85fea4ecd8 to path: /home/arvid/Documents/curseforge/minecraft/Install/assets/objects/4e/4ed7023a970b7f6a6d03558c3125fe85fea4ecd8. Error: Failed to download file: https://resources.download.minecraft.net/4e/4ed7023a970b7f6a6d03558c3125fe85fea4ecd8 to /home/arvid/Documents/curseforge/minecraft/Install/assets/objects/4e/4ed7023a970b7f6a6d03558c3125fe85fea4ecd8
[2026-07-23 20:30:31.842] [error] [Radiuminator] Failed to download file: https://resources.download.minecraft.net/d9/d997d6bd0a18be2b62c27363878f99540d845825 to /home/arvid/Documents/curseforge/minecraft/Install/assets/objects/d9/d997d6bd0a18be2b62c27363878f99540d845825. Error: Failed downloading file: /home/arvid/Documents/curseforge/minecraft/Install/assets/objects/d9/d997d6bd0a18be2b62c27363878f99540d845825.
[2026-07-23 20:30:31.842] [error] [DownloadAssetsAction] Failed to download asset: d997d6bd0a18be2b62c27363878f99540d845825 to path: /home/arvid/Documents/curseforge/minecraft/Install/assets/objects/d9/d997d6bd0a18be2b62c27363878f99540d845825. Error: Failed to download file: https://resources.download.minecraft.net/d9/d997d6bd0a18be2b62c27363878f99540d845825 to /home/arvid/Documents/curseforge/minecraft/Install/assets/objects/d9/d997d6bd0a18be2b62c27363878f99540d845825
[2026-07-23 20:30:31.845] [error] [Radiuminator] Failed to download file: https://resources.download.minecraft.net/4a/4a0ce0713583399108fad4698cbe63714fe5898f to /home/arvid/Documents/curseforge/minecraft/Install/assets/objects/4a/4a0ce0713583399108fad4698cbe63714fe5898f. Error: Failed downloading file: /home/arvid/Documents/curseforge/minecraft/Install/assets/objects/4a/4a0ce0713583399108fad4698cbe63714fe5898f.
[2026-07-23 20:30:31.845] [error] [DownloadAssetsAction] Failed to download asset: 4a0ce0713583399108fad4698cbe63714fe5898f to path: /home/arvid/Documents/curseforge/minecraft/Install/assets/objects/4a/4a0ce0713583399108fad4698cbe63714fe5898f. Error: Failed to download file: https://resources.download.minecraft.net/4a/4a0ce0713583399108fad4698cbe63714fe5898f to /home/arvid/Documents/curseforge/minecraft/Install/assets/objects/4a/4a0ce0713583399108fad4698cbe63714fe5898f
[2026-07-23 20:30:31.847] [error] [Radiuminator] Failed to download file: https://resources.download.minecraft.net/b2/b212815d8728730de16ff65a3f54a7fd06b98fbc to /home/arvid/Documents/curseforge/minecraft/Install/assets/objects/b2/b212815d8728730de16ff65a3f54a7fd06b98fbc. Error: Failed downloading file: /home/arvid/Documents/curseforge/minecraft/Install/assets/objects/b2/b212815d8728730de16ff65a3f54a7fd06b98fbc.
[2026-07-23 20:30:31.847] [error] [DownloadAssetsAction] Failed to download asset: b212815d8728730de16ff65a3f54a7fd06b98fbc to path: /home/arvid/Documents/curseforge/minecraft/Install/assets/objects/b2/b212815d8728730de16ff65a3f54a7fd06b98fbc. Error: Failed to download file: https://resources.download.minecraft.net/b2/b212815d8728730de16ff65a3f54a7fd06b98fbc to /home/arvid/Documents/curseforge/minecraft/Install/assets/objects/b2/b212815d8728730de16ff65a3f54a7fd06b98fbc
[2026-07-23 20:30:31.850] [error] [Radiuminator] Failed to download file: https://resources.download.minecraft.net/68/68beeda338fdb43c3b7cbbb718e82839e6d07ef3 to /home/arvid/Documents/curseforge/minecraft/Install/assets/objects/68/68beeda338fdb43c3b7cbbb718e82839e6d07ef3. Error: Failed downloading file: /home/arvid/Documents/curseforge/minecraft/Install/assets/objects/68/68beeda338fdb43c3b7cbbb718e82839e6d07ef3.
[2026-07-23 20:30:31.850] [error] [DownloadAssetsAction] Failed to download asset: 68beeda338fdb43c3b7cbbb718e82839e6d07ef3 to path: /home/arvid/Documents/curseforge/minecraft/Install/assets/objects/68/68beeda338fdb43c3b7cbbb718e82839e6d07ef3. Error: Failed to download file: https://resources.download.minecraft.net/68/68beeda338fdb43c3b7cbbb718e82839e6d07ef3 to /home/arvid/Documents/curseforge/minecraft/Install/assets/objects/68/68beeda338fdb43c3b7cbbb718e82839e6d07ef3
[2026-07-23 20:30:31.853] [error] [Radiuminator] Failed to download file: https://resources.download.minecraft.net/a9/a91e1f2cba408d784538d21424e52253864534b6 to /home/arvid/Documents/curseforge/minecraft/Install/assets/objects/a9/a91e1f2cba408d784538d21424e52253864534b6. Error: Failed downloading file: /home/arvid/Documents/curseforge/minecraft/Install/assets/objects/a9/a91e1f2cba408d784538d21424e52253864534b6.
[2026-07-23 20:30:31.853] [error] [DownloadAssetsAction] Failed to download asset: a91e1f2cba408d784538d21424e52253864534b6 to path: /home/arvid/Documents/curseforge/minecraft/Install/assets/objects/a9/a91e1f2cba408d784538d21424e52253864534b6. Error: Failed to download file: https://resources.download.minecraft.net/a9/a91e1f2cba408d784538d21424e52253864534b6 to /home/arvid/Documents/curseforge/minecraft/Install/assets/objects/a9/a91e1f2cba408d784538d21424e52253864534b6
[2026-07-23 20:30:31.856] [error] [Radiuminator] Failed to download file: https://resources.download.minecraft.net/3e/3efb22bf9a4ca184f037c309e4f7ece0a9ca53bc to /home/arvid/Documents/curseforge/minecraft/Install/assets/objects/3e/3efb22bf9a4ca184f037c309e4f7ece0a9ca53bc. Error: Failed downloading file: /home/arvid/Documents/curseforge/minecraft/Install/assets/objects/3e/3efb22bf9a4ca184f037c309e4f7ece0a9ca53bc.
[2026-07-23 20:30:31.856] [error] [DownloadAssetsAction] Failed to download asset: 3efb22bf9a4ca184f037c309e4f7ece0a9ca53bc to path: /home/arvid/Documents/curseforge/minecraft/Install/assets/objects/3e/3efb22bf9a4ca184f037c309e4f7ece0a9ca53bc. Error: Failed to download file: https://resources.download.minecraft.net/3e/3efb22bf9a4ca184f037c309e4f7ece0a9ca53bc to /home/arvid/Documents/curseforge/minecraft/Install/assets/objects/3e/3efb22bf9a4ca184f037c309e4f7ece0a9ca53bc
[2026-07-23 20:30:31.859] [error] [Radiuminator] Failed to download file: https://resources.download.minecraft.net/eb/eb93722c9adcccba57bc6e9b19039599e94934c8 to /home/arvid/Documents/curseforge/minecraft/Install/assets/objects/eb/eb93722c9adcccba57bc6e9b19039599e94934c8. Error: Failed downloading file: /home/arvid/Documents/curseforge/minecraft/Install/assets/objects/eb/eb93722c9adcccba57bc6e9b19039599e94934c8.
[2026-07-23 20:30:31.859] [error] [DownloadAssetsAction] Failed to download asset: eb93722c9adcccba57bc6e9b19039599e94934c8 to path: /home/arvid/Documents/curseforge/minecraft/Install/assets/objects/eb/eb93722c9adcccba57bc6e9b19039599e94934c8. Error: Failed to download file: https://resources.download.minecraft.net/eb/eb93722c9adcccba57bc6e9b19039599e94934c8 to /home/arvid/Documents/curseforge/minecraft/Install/assets/objects/eb/eb93722c9adcccba57bc6e9b19039599e94934c8
[2026-07-23 20:30:31.861] [error] [Radiuminator] Failed to download file: https://resources.download.minecraft.net/3c/3c05729b7cfdef0e5782080155004d4d0766ab41 to /home/arvid/Documents/curseforge/minecraft/Install/assets/objects/3c/3c05729b7cfdef0e5782080155004d4d0766ab41. Error: Failed downloading file: /home/arvid/Documents/curseforge/minecraft/Install/assets/objects/3c/3c05729b7cfdef0e5782080155004d4d0766ab41.
[2026-07-23 20:30:31.862] [error] [DownloadAssetsAction] Failed to download asset: 3c05729b7cfdef0e5782080155004d4d0766ab41 to path: /home/arvid/Documents/curseforge/minecraft/Install/assets/objects/3c/3c05729b7cfdef0e5782080155004d4d0766ab41. Error: Failed to download file: https://resources.download.minecraft.net/3c/3c05729b7cfdef0e5782080155004d4d0766ab41 to /home/arvid/Documents/curseforge/minecraft/Install/assets/objects/3c/3c05729b7cfdef0e5782080155004d4d0766ab41
[2026-07-23 20:30:31.864] [error] [Radiuminator] Failed to download file: https://resources.download.minecraft.net/96/96a92abe786f7f1fd5ee56a364c2fbee7f23a165 to /home/arvid/Documents/curseforge/minecraft/Install/assets/objects/96/96a92abe786f7f1fd5ee56a364c2fbee7f23a165. Error: Failed downloading file: /home/arvid/Documents/curseforge/minecraft/Install/assets/objects/96/96a92abe786f7f1fd5ee56a364c2fbee7f23a165.
[2026-07-23 20:30:31.864] [error] [DownloadAssetsAction] Failed to download asset: 96a92abe786f7f1fd5ee56a364c2fbee7f23a165 to path: /home/arvid/Documents/curseforge/minecraft/Install/assets/objects/96/96a92abe786f7f1fd5ee56a364c2fbee7f23a165. Error: Failed to download file: https://resources.download.minecraft.net/96/96a92abe786f7f1fd5ee56a364c2fbee7f23a165 to /home/arvid/Documents/curseforge/minecraft/Install/assets/objects/96/96a92abe786f7f1fd5ee56a364c2fbee7f23a165
[2026-07-23 20:30:31.866] [error] [Radiuminator] Failed to download file: https://resources.download.minecraft.net/df/df97decf9d824c4b47c642bbcc3ac6c230e91bc2 to /home/arvid/Documents/curseforge/minecraft/Install/assets/objects/df/df97decf9d824c4b47c642bbcc3ac6c230e91bc2. Error: Failed downloading file: /home/arvid/Documents/curseforge/minecraft/Install/assets/objects/df/df97decf9d824c4b47c642bbcc3ac6c230e91bc2.
[2026-07-23 20:30:31.866] [error] [DownloadAssetsAction] Failed to download asset: df97decf9d824c4b47c642bbcc3ac6c230e91bc2 to path: /home/arvid/Documents/curseforge/minecraft/Install/assets/objects/df/df97decf9d824c4b47c642bbcc3ac6c230e91bc2. Error: Failed to download file: https://resources.download.minecraft.net/df/df97decf9d824c4b47c642bbcc3ac6c230e91bc2 to /home/arvid/Documents/curseforge/minecraft/Install/assets/objects/df/df97decf9d824c4b47c642bbcc3ac6c230e91bc2
[2026-07-23 20:30:31.869] [error] [Radiuminator] Failed to download file: https://resources.download.minecraft.net/65/653f2c7ac5ae89e3c8a8b1d9a4060c1d3d2be4d3 to /home/arvid/Documents/curseforge/minecraft/Install/assets/objects/65/653f2c7ac5ae89e3c8a8b1d9a4060c1d3d2be4d3. Error: Failed downloading file: /home/arvid/Documents/curseforge/minecraft/Install/assets/objects/65/653f2c7ac5ae89e3c8a8b1d9a4060c1d3d2be4d3.
[2026-07-23 20:30:31.870] [error] [DownloadAssetsAction] Failed to download asset: 653f2c7ac5ae89e3c8a8b1d9a4060c1d3d2be4d3 to path: /home/arvid/Documents/curseforge/minecraft/Install/assets/objects/65/653f2c7ac5ae89e3c8a8b1d9a4060c1d3d2be4d3. Error: Failed to download file: https://resources.download.minecraft.net/65/653f2c7ac5ae89e3c8a8b1d9a4060c1d3d2be4d3 to /home/arvid/Documents/curseforge/minecraft/Install/assets/objects/65/653f2c7ac5ae89e3c8a8b1d9a4060c1d3d2be4d3
[2026-07-23 20:30:31.873] [error] [Radiuminator] Failed to download file: https://resources.download.minecraft.net/c6/c67b28e62650fec5f56132982e88009d513ac513 to /home/arvid/Documents/curseforge/minecraft/Install/assets/objects/c6/c67b28e62650fec5f56132982e88009d513ac513. Error: Failed downloading file: /home/arvid/Documents/curseforge/minecraft/Install/assets/objects/c6/c67b28e62650fec5f56132982e88009d513ac513.
[2026-07-23 20:30:31.873] [error] [DownloadAssetsAction] Failed to download asset: c67b28e62650fec5f56132982e88009d513ac513 to path: /home/arvid/Documents/curseforge/minecraft/Install/assets/objects/c6/c67b28e62650fec5f56132982e88009d513ac513. Error: Failed to download file: https://resources.download.minecraft.net/c6/c67b28e62650fec5f56132982e88009d513ac513 to /home/arvid/Documents/curseforge/minecraft/Install/assets/objects/c6/c67b28e62650fec5f56132982e88009d513ac513
[2026-07-23 20:30:31.876] [error] [Radiuminator] Failed to download file: https://resources.download.minecraft.net/09/09d6455c9e1d581e52fffd390076cb3bcb3bc0d6 to /home/arvid/Documents/curseforge/minecraft/Install/assets/objects/09/09d6455c9e1d581e52fffd390076cb3bcb3bc0d6. Error: Failed downloading file: /home/arvid/Documents/curseforge/minecraft/Install/assets/objects/09/09d6455c9e1d581e52fffd390076cb3bcb3bc0d6.
[2026-07-23 20:30:31.877] [error] [DownloadAssetsAction] Failed to download asset: 09d6455c9e1d581e52fffd390076cb3bcb3bc0d6 to path: /home/arvid/Documents/curseforge/minecraft/Install/assets/objects/09/09d6455c9e1d581e52fffd390076cb3bcb3bc0d6. Error: Failed to download file: https://resources.download.minecraft.net/09/09d6455c9e1d581e52fffd390076cb3bcb3bc0d6 to /home/arvid/Documents/curseforge/minecraft/Install/assets/objects/09/09d6455c9e1d581e52fffd390076cb3bcb3bc0d6
[2026-07-23 20:30:31.879] [error] [Radiuminator] Failed to download file: https://resources.download.minecraft.net/b6/b64e99d3d09d12c97242f1d6336a4aea4c3233ec to /home/arvid/Documents/curseforge/minecraft/Install/assets/objects/b6/b64e99d3d09d12c97242f1d6336a4aea4c3233ec. Error: Failed downloading file: /home/arvid/Documents/curseforge/minecraft/Install/assets/objects/b6/b64e99d3d09d12c97242f1d6336a4aea4c3233ec.
[2026-07-23 20:30:31.879] [error] [DownloadAssetsAction] Failed to download asset: b64e99d3d09d12c97242f1d6336a4aea4c3233ec to path: /home/arvid/Documents/curseforge/minecraft/Install/assets/objects/b6/b64e99d3d09d12c97242f1d6336a4aea4c3233ec. Error: Failed to download file: https://resources.download.minecraft.net/b6/b64e99d3d09d12c97242f1d6336a4aea4c3233ec to /home/arvid/Documents/curseforge/minecraft/Install/assets/objects/b6/b64e99d3d09d12c97242f1d6336a4aea4c3233ec
[2026-07-23 20:30:31.882] [error] [Radiuminator] Failed to download file: https://resources.download.minecraft.net/c0/c07f8dcd5ec017c90a863a48a52ca2e7b3f0544e to /home/arvid/Documents/curseforge/minecraft/Install/assets/objects/c0/c07f8dcd5ec017c90a863a48a52ca2e7b3f0544e. Error: Failed downloading file: /home/arvid/Documents/curseforge/minecraft/Install/assets/objects/c0/c07f8dcd5ec017c90a863a48a52ca2e7b3f0544e.
[2026-07-23 20:30:31.882] [error] [DownloadAssetsAction] Failed to download asset: c07f8dcd5ec017c90a863a48a52ca2e7b3f0544e to path: /home/arvid/Documents/curseforge/minecraft/Install/assets/objects/c0/c07f8dcd5ec017c90a863a48a52ca2e7b3f0544e. Error: Failed to download file: https://resources.download.minecraft.net/c0/c07f8dcd5ec017c90a863a48a52ca2e7b3f0544e to /home/arvid/Documents/curseforge/minecraft/Install/assets/objects/c0/c07f8dcd5ec017c90a863a48a52ca2e7b3f0544e
[2026-07-23 20:30:31.884] [error] [Radiuminator] Failed to download file: https://resources.download.minecraft.net/eb/eb0abf982987a1b0f79a06fb45afbe880e275d17 to /home/arvid/Documents/curseforge/minecraft/Install/assets/objects/eb/eb0abf982987a1b0f79a06fb45afbe880e275d17. Error: Failed downloading file: /home/arvid/Documents/curseforge/minecraft/Install/assets/objects/eb/eb0abf982987a1b0f79a06fb45afbe880e275d17.
[2026-07-23 20:30:31.884] [error] [DownloadAssetsAction] Failed to download asset: eb0abf982987a1b0f79a06fb45afbe880e275d17 to path: /home/arvid/Documents/curseforge/minecraft/Install/assets/objects/eb/eb0abf982987a1b0f79a06fb45afbe880e275d17. Error: Failed to download file: https://resources.download.minecraft.net/eb/eb0abf982987a1b0f79a06fb45afbe880e275d17 to /home/arvid/Documents/curseforge/minecraft/Install/assets/objects/eb/eb0abf982987a1b0f79a06fb45afbe880e275d17
[2026-07-23 20:30:31.887] [error] [Radiuminator] Failed to download file: https://resources.download.minecraft.net/16/166af5d48f1f67a4608be9d23fd27f8c16269893 to /home/arvid/Documents/curseforge/minecraft/Install/assets/objects/16/166af5d48f1f67a4608be9d23fd27f8c16269893. Error: Failed downloading file: /home/arvid/Documents/curseforge/minecraft/Install/assets/objects/16/166af5d48f1f67a4608be9d23fd27f8c16269893.
[2026-07-23 20:30:31.888] [error] [DownloadAssetsAction] Failed to download asset: 166af5d48f1f67a4608be9d23fd27f8c16269893 to path: /home/arvid/Documents/curseforge/minecraft/Install/assets/objects/16/166af5d48f1f67a4608be9d23fd27f8c16269893. Error: Failed to download file: https://resources.download.minecraft.net/16/166af5d48f1f67a4608be9d23fd27f8c16269893 to /home/arvid/Documents/curseforge/minecraft/Install/assets/objects/16/166af5d48f1f67a4608be9d23fd27f8c16269893
[2026-07-23 20:30:31.890] [error] [Radiuminator] Failed to download file: https://resources.download.minecraft.net/e6/e65b9794e249ffe93ba2ec75cd0c994697773073 to /home/arvid/Documents/curseforge/minecraft/Install/assets/objects/e6/e65b9794e249ffe93ba2ec75cd0c994697773073. Error: Failed downloading file: /home/arvid/Documents/curseforge/minecraft/Install/assets/objects/e6/e65b9794e249ffe93ba2ec75cd0c994697773073.
[2026-07-23 20:30:31.891] [error] [DownloadAssetsAction] Failed to download asset: e65b9794e249ffe93ba2ec75cd0c994697773073 to path: /home/arvid/Documents/curseforge/minecraft/Install/assets/objects/e6/e65b9794e249ffe93ba2ec75cd0c994697773073. Error: Failed to download file: https://resources.download.minecraft.net/e6/e65b9794e249ffe93ba2ec75cd0c994697773073 to /home/arvid/Documents/curseforge/minecraft/Install/assets/objects/e6/e65b9794e249ffe93ba2ec75cd0c994697773073
[2026-07-23 20:30:31.893] [error] [Radiuminator] Failed to download file: https://resources.download.minecraft.net/b8/b8e9d0b643fd331dcbeea8114d3ad59d96f4bc59 to /home/arvid/Documents/curseforge/minecraft/Install/assets/objects/b8/b8e9d0b643fd331dcbeea8114d3ad59d96f4bc59. Error: Failed downloading file: /home/arvid/Documents/curseforge/minecraft/Install/assets/objects/b8/b8e9d0b643fd331dcbeea8114d3ad59d96f4bc59.
[2026-07-23 20:30:31.893] [error] [DownloadAssetsAction] Failed to download asset: b8e9d0b643fd331dcbeea8114d3ad59d96f4bc59 to path: /home/arvid/Documents/curseforge/minecraft/Install/assets/objects/b8/b8e9d0b643fd331dcbeea8114d3ad59d96f4bc59. Error: Failed to download file: https://resources.download.minecraft.net/b8/b8e9d0b643fd331dcbeea8114d3ad59d96f4bc59 to /home/arvid/Documents/curseforge/minecraft/Install/assets/objects/b8/b8e9d0b643fd331dcbeea8114d3ad59d96f4bc59
[2026-07-23 20:30:31.896] [error] [Radiuminator] Failed to download file: https://resources.download.minecraft.net/10/108529f98cbc67491b119ac6bec3f4af1ca3f1b0 to /home/arvid/Documents/curseforge/minecraft/Install/assets/objects/10/108529f98cbc67491b119ac6bec3f4af1ca3f1b0. Error: Failed downloading file: /home/arvid/Documents/curseforge/minecraft/Install/assets/objects/10/108529f98cbc67491b119ac6bec3f4af1ca3f1b0.
[2026-07-23 20:30:31.896] [error] [DownloadAssetsAction] Failed to download asset: 108529f98cbc67491b119ac6bec3f4af1ca3f1b0 to path: /home/arvid/Documents/curseforge/minecraft/Install/assets/objects/10/108529f98cbc67491b119ac6bec3f4af1ca3f1b0. Error: Failed to download file: https://resources.download.minecraft.net/10/108529f98cbc67491b119ac6bec3f4af1ca3f1b0 to /home/arvid/Documents/curseforge/minecraft/Install/assets/objects/10/108529f98cbc67491b119ac6bec3f4af1ca3f1b0
[2026-07-23 20:30:31.900] [error] [Radiuminator] Failed to download file: https://resources.download.minecraft.net/c9/c9b2193339b42279d874cebb4afe3761c1425bfa to /home/arvid/Documents/curseforge/minecraft/Install/assets/objects/c9/c9b2193339b42279d874cebb4afe3761c1425bfa. Error: Failed downloading file: /home/arvid/Documents/curseforge/minecraft/Install/assets/objects/c9/c9b2193339b42279d874cebb4afe3761c1425bfa.
[2026-07-23 20:30:31.901] [error] [DownloadAssetsAction] Failed to download asset: c9b2193339b42279d874cebb4afe3761c1425bfa to path: /home/arvid/Documents/curseforge/minecraft/Install/assets/objects/c9/c9b2193339b42279d874cebb4afe3761c1425bfa. Error: Failed to download file: https://resources.download.minecraft.net/c9/c9b2193339b42279d874cebb4afe3761c1425bfa to /home/arvid/Documents/curseforge/minecraft/Install/assets/objects/c9/c9b2193339b42279d874cebb4afe3761c1425bfa
[2026-07-23 20:30:31.904] [error] [Radiuminator] Failed to download file: https://resources.download.minecraft.net/3c/3c9beded731ff074a4243c5c22710c66bf4aca8b to /home/arvid/Documents/curseforge/minecraft/Install/assets/objects/3c/3c9beded731ff074a4243c5c22710c66bf4aca8b. Error: Failed downloading file: /home/arvid/Documents/curseforge/minecraft/Install/assets/objects/3c/3c9beded731ff074a4243c5c22710c66bf4aca8b.
[2026-07-23 20:30:31.904] [error] [DownloadAssetsAction] Failed to download asset: 3c9beded731ff074a4243c5c22710c66bf4aca8b to path: /home/arvid/Documents/curseforge/minecraft/Install/assets/objects/3c/3c9beded731ff074a4243c5c22710c66bf4aca8b. Error: Failed to download file: https://resources.download.minecraft.net/3c/3c9beded731ff074a4243c5c22710c66bf4aca8b to /home/arvid/Documents/curseforge/minecraft/Install/assets/objects/3c/3c9beded731ff074a4243c5c22710c66bf4aca8b
[2026-07-23 20:30:31.908] [error] [Radiuminator] Failed to download file: https://resources.download.minecraft.net/62/627c939e2aa48a5e3f516848e66a76acb992c2a8 to /home/arvid/Documents/curseforge/minecraft/Install/assets/objects/62/627c939e2aa48a5e3f516848e66a76acb992c2a8. Error: Failed downloading file: /home/arvid/Documents/curseforge/minecraft/Install/assets/objects/62/627c939e2aa48a5e3f516848e66a76acb992c2a8.
[2026-07-23 20:30:31.908] [error] [DownloadAssetsAction] Failed to download asset: 627c939e2aa48a5e3f516848e66a76acb992c2a8 to path: /home/arvid/Documents/curseforge/minecraft/Install/assets/objects/62/627c939e2aa48a5e3f516848e66a76acb992c2a8. Error: Failed to download file: https://resources.download.minecraft.net/62/627c939e2aa48a5e3f516848e66a76acb992c2a8 to /home/arvid/Documents/curseforge/minecraft/Install/assets/objects/62/627c939e2aa48a5e3f516848e66a76acb992c2a8
[2026-07-23 20:30:31.911] [error] [Radiuminator] Failed to download file: https://resources.download.minecraft.net/b5/b5e67bcc0f5af24fa6d01f377215143ee7a1cf67 to /home/arvid/Documents/curseforge/minecraft/Install/assets/objects/b5/b5e67bcc0f5af24fa6d01f377215143ee7a1cf67. Error: Failed downloading file: /home/arvid/Documents/curseforge/minecraft/Install/assets/objects/b5/b5e67bcc0f5af24fa6d01f377215143ee7a1cf67.
[2026-07-23 20:30:31.911] [error] [DownloadAssetsAction] Failed to download asset: b5e67bcc0f5af24fa6d01f377215143ee7a1cf67 to path: /home/arvid/Documents/curseforge/minecraft/Install/assets/objects/b5/b5e67bcc0f5af24fa6d01f377215143ee7a1cf67. Error: Failed to download file: https://resources.download.minecraft.net/b5/b5e67bcc0f5af24fa6d01f377215143ee7a1cf67 to /home/arvid/Documents/curseforge/minecraft/Install/assets/objects/b5/b5e67bcc0f5af24fa6d01f377215143ee7a1cf67
[2026-07-23 20:30:31.914] [error] [Radiuminator] Failed to download file: https://resources.download.minecraft.net/4c/4c02a13757318403e7837260c1b30069dcb7be69 to /home/arvid/Documents/curseforge/minecraft/Install/assets/objects/4c/4c02a13757318403e7837260c1b30069dcb7be69. Error: Failed downloading file: /home/arvid/Documents/curseforge/minecraft/Install/assets/objects/4c/4c02a13757318403e7837260c1b30069dcb7be69.
[2026-07-23 20:30:31.914] [error] [DownloadAssetsAction] Failed to download asset: 4c02a13757318403e7837260c1b30069dcb7be69 to path: /home/arvid/Documents/curseforge/minecraft/Install/assets/objects/4c/4c02a13757318403e7837260c1b30069dcb7be69. Error: Failed to download file: https://resources.download.minecraft.net/4c/4c02a13757318403e7837260c1b30069dcb7be69 to /home/arvid/Documents/curseforge/minecraft/Install/assets/objects/4c/4c02a13757318403e7837260c1b30069dcb7be69
[2026-07-23 20:30:31.916] [error] [Radiuminator] Failed to download file: https://resources.download.minecraft.net/89/894f26447ad5cff2afff1d66917a3f7760f1c3b7 to /home/arvid/Documents/curseforge/minecraft/Install/assets/objects/89/894f26447ad5cff2afff1d66917a3f7760f1c3b7. Error: Failed downloading file: /home/arvid/Documents/curseforge/minecraft/Install/assets/objects/89/894f26447ad5cff2afff1d66917a3f7760f1c3b7.
[2026-07-23 20:30:31.917] [error] [DownloadAssetsAction] Failed to download asset: 894f26447ad5cff2afff1d66917a3f7760f1c3b7 to path: /home/arvid/Documents/curseforge/minecraft/Install/assets/objects/89/894f26447ad5cff2afff1d66917a3f7760f1c3b7. Error: Failed to download file: https://resources.download.minecraft.net/89/894f26447ad5cff2afff1d66917a3f7760f1c3b7 to /home/arvid/Documents/curseforge/minecraft/Install/assets/objects/89/894f26447ad5cff2afff1d66917a3f7760f1c3b7
[2026-07-23 20:30:31.920] [error] [Radiuminator] Failed to download file: https://resources.download.minecraft.net/79/79ac9cc6fbb67cd1eeea2fcbf29804088b140f15 to /home/arvid/Documents/curseforge/minecraft/Install/assets/objects/79/79ac9cc6fbb67cd1eeea2fcbf29804088b140f15. Error: Failed downloading file: /home/arvid/Documents/curseforge/minecraft/Install/assets/objects/79/79ac9cc6fbb67cd1eeea2fcbf29804088b140f15.
[2026-07-23 20:30:31.920] [error] [DownloadAssetsAction] Failed to download asset: 79ac9cc6fbb67cd1eeea2fcbf29804088b140f15 to path: /home/arvid/Documents/curseforge/minecraft/Install/assets/objects/79/79ac9cc6fbb67cd1eeea2fcbf29804088b140f15. Error: Failed to download file: https://resources.download.minecraft.net/79/79ac9cc6fbb67cd1eeea2fcbf29804088b140f15 to /home/arvid/Documents/curseforge/minecraft/Install/assets/objects/79/79ac9cc6fbb67cd1eeea2fcbf29804088b140f15
[2026-07-23 20:30:31.923] [error] [Radiuminator] Failed to download file: https://resources.download.minecraft.net/c3/c38f3e0ea505f0333996e6eaa0f2c0d5bfc8d4d7 to /home/arvid/Documents/curseforge/minecraft/Install/assets/objects/c3/c38f3e0ea505f0333996e6eaa0f2c0d5bfc8d4d7. Error: Failed downloading file: /home/arvid/Documents/curseforge/minecraft/Install/assets/objects/c3/c38f3e0ea505f0333996e6eaa0f2c0d5bfc8d4d7.
[2026-07-23 20:30:31.923] [error] [DownloadAssetsAction] Failed to download asset: c38f3e0ea505f0333996e6eaa0f2c0d5bfc8d4d7 to path: /home/arvid/Documents/curseforge/minecraft/Install/assets/objects/c3/c38f3e0ea505f0333996e6eaa0f2c0d5bfc8d4d7. Error: Failed to download file: https://resources.download.minecraft.net/c3/c38f3e0ea505f0333996e6eaa0f2c0d5bfc8d4d7 to /home/arvid/Documents/curseforge/minecraft/Install/assets/objects/c3/c38f3e0ea505f0333996e6eaa0f2c0d5bfc8d4d7
[2026-07-23 20:30:31.926] [error] [Radiuminator] Failed to download file: https://resources.download.minecraft.net/fe/feedd2d726dedb8742519ac0c404d26bc3b5d735 to /home/arvid/Documents/curseforge/minecraft/Install/assets/objects/fe/feedd2d726dedb8742519ac0c404d26bc3b5d735. Error: Failed downloading file: /home/arvid/Documents/curseforge/minecraft/Install/assets/objects/fe/feedd2d726dedb8742519ac0c404d26bc3b5d735.
[2026-07-23 20:30:31.926] [error] [DownloadAssetsAction] Failed to download asset: feedd2d726dedb8742519ac0c404d26bc3b5d735 to path: /home/arvid/Documents/curseforge/minecraft/Install/assets/objects/fe/feedd2d726dedb8742519ac0c404d26bc3b5d735. Error: Failed to download file: https://resources.download.minecraft.net/fe/feedd2d726dedb8742519ac0c404d26bc3b5d735 to /home/arvid/Documents/curseforge/minecraft/Install/assets/objects/fe/feedd2d726dedb8742519ac0c404d26bc3b5d735
[2026-07-23 20:30:31.928] [info]  [NetworkStatusChangedEventHandler] Network Status Changed, Status:Offline.
[2026-07-23 20:30:31.969] [error] [Radiuminator] Failed to download file: https://resources.download.minecraft.net/d4/d4f9f7adb9789781a3a0ca1a94262a474cbee1db to /home/arvid/Documents/curseforge/minecraft/Install/assets/objects/d4/d4f9f7adb9789781a3a0ca1a94262a474cbee1db. Error: Failed downloading file: /home/arvid/Documents/curseforge/minecraft/Install/assets/objects/d4/d4f9f7adb9789781a3a0ca1a94262a474cbee1db.
[2026-07-23 20:30:31.969] [error] [DownloadAssetsAction] Failed to download asset: d4f9f7adb9789781a3a0ca1a94262a474cbee1db to path: /home/arvid/Documents/curseforge/minecraft/Install/assets/objects/d4/d4f9f7adb9789781a3a0ca1a94262a474cbee1db. Error: Failed to download file: https://resources.download.minecraft.net/d4/d4f9f7adb9789781a3a0ca1a94262a474cbee1db to /home/arvid/Documents/curseforge/minecraft/Install/assets/objects/d4/d4f9f7adb9789781a3a0ca1a94262a474cbee1db
[2026-07-23 20:30:31.973] [error] [Radiuminator] Failed to download file: https://resources.download.minecraft.net/60/608ce4dc409ef39df6b0409647b89f2f1a2d9ded to /home/arvid/Documents/curseforge/minecraft/Install/assets/objects/60/608ce4dc409ef39df6b0409647b89f2f1a2d9ded. Error: Failed downloading file: /home/arvid/Documents/curseforge/minecraft/Install/assets/objects/60/608ce4dc409ef39df6b0409647b89f2f1a2d9ded.
[2026-07-23 20:30:31.973] [error] [DownloadAssetsAction] Failed to download asset: 608ce4dc409ef39df6b0409647b89f2f1a2d9ded to path: /home/arvid/Documents/curseforge/minecraft/Install/assets/objects/60/608ce4dc409ef39df6b0409647b89f2f1a2d9ded. Error: Failed to download file: https://resources.download.minecraft.net/60/608ce4dc409ef39df6b0409647b89f2f1a2d9ded to /home/arvid/Documents/curseforge/minecraft/Install/assets/objects/60/608ce4dc409ef39df6b0409647b89f2f1a2d9ded
[2026-07-23 20:30:31.975] [error] [Radiuminator] Failed to download file: https://resources.download.minecraft.net/59/591bb8451ac56723d2b689d9bc95c8020bb4809b to /home/arvid/Documents/curseforge/minecraft/Install/assets/objects/59/591bb8451ac56723d2b689d9bc95c8020bb4809b. Error: Failed downloading file: /home/arvid/Documents/curseforge/minecraft/Install/assets/objects/59/591bb8451ac56723d2b689d9bc95c8020bb4809b.
[2026-07-23 20:30:31.976] [error] [DownloadAssetsAction] Failed to download asset: 591bb8451ac56723d2b689d9bc95c8020bb4809b to path: /home/arvid/Documents/curseforge/minecraft/Install/assets/objects/59/591bb8451ac56723d2b689d9bc95c8020bb4809b. Error: Failed to download file: https://resources.download.minecraft.net/59/591bb8451ac56723d2b689d9bc95c8020bb4809b to /home/arvid/Documents/curseforge/minecraft/Install/assets/objects/59/591bb8451ac56723d2b689d9bc95c8020bb4809b
[2026-07-23 20:30:31.978] [error] [Radiuminator] Failed to download file: https://resources.download.minecraft.net/45/455016d86e1ace53fc732190416dccca8cad40fa to /home/arvid/Documents/curseforge/minecraft/Install/assets/objects/45/455016d86e1ace53fc732190416dccca8cad40fa. Error: Failed downloading file: /home/arvid/Documents/curseforge/minecraft/Install/assets/objects/45/455016d86e1ace53fc732190416dccca8cad40fa.
[2026-07-23 20:30:31.978] [error] [DownloadAssetsAction] Failed to download asset: 455016d86e1ace53fc732190416dccca8cad40fa to path: /home/arvid/Documents/curseforge/minecraft/Install/assets/objects/45/455016d86e1ace53fc732190416dccca8cad40fa. Error: Failed to download file: https://resources.download.minecraft.net/45/455016d86e1ace53fc732190416dccca8cad40fa to /home/arvid/Documents/curseforge/minecraft/Install/assets/objects/45/455016d86e1ace53fc732190416dccca8cad40fa
[2026-07-23 20:30:31.981] [error] [Radiuminator] Failed to download file: https://resources.download.minecraft.net/b8/b81ffdb8b4932bdc9f0692423d426b8f2334da6c to /home/arvid/Documents/curseforge/minecraft/Install/assets/objects/b8/b81ffdb8b4932bdc9f0692423d426b8f2334da6c. Error: Failed downloading file: /home/arvid/Documents/curseforge/minecraft/Install/assets/objects/b8/b81ffdb8b4932bdc9f0692423d426b8f2334da6c.
[2026-07-23 20:30:31.981] [error] [DownloadAssetsAction] Failed to download asset: b81ffdb8b4932bdc9f0692423d426b8f2334da6c to path: /home/arvid/Documents/curseforge/minecraft/Install/assets/objects/b8/b81ffdb8b4932bdc9f0692423d426b8f2334da6c. Error: Failed to download file: https://resources.download.minecraft.net/b8/b81ffdb8b4932bdc9f0692423d426b8f2334da6c to /home/arvid/Documents/curseforge/minecraft/Install/assets/objects/b8/b81ffdb8b4932bdc9f0692423d426b8f2334da6c
[2026-07-23 20:30:31.983] [error] [Radiuminator] Failed to download file: https://resources.download.minecraft.net/c0/c07715ed9a7c41e554f30c86ab2e6818b4d4a6c8 to /home/arvid/Documents/curseforge/minecraft/Install/assets/objects/c0/c07715ed9a7c41e554f30c86ab2e6818b4d4a6c8. Error: Failed downloading file: /home/arvid/Documents/curseforge/minecraft/Install/assets/objects/c0/c07715ed9a7c41e554f30c86ab2e6818b4d4a6c8.
[2026-07-23 20:30:31.983] [error] [DownloadAssetsAction] Failed to download asset: c07715ed9a7c41e554f30c86ab2e6818b4d4a6c8 to path: /home/arvid/Documents/curseforge/minecraft/Install/assets/objects/c0/c07715ed9a7c41e554f30c86ab2e6818b4d4a6c8. Error: Failed to download file: https://resources.download.minecraft.net/c0/c07715ed9a7c41e554f30c86ab2e6818b4d4a6c8 to /home/arvid/Documents/curseforge/minecraft/Install/assets/objects/c0/c07715ed9a7c41e554f30c86ab2e6818b4d4a6c8
[2026-07-23 20:30:31.986] [error] [Radiuminator] Failed to download file: https://resources.download.minecraft.net/45/4520bc7348647bf6d87da98ed3c94e10cb44bc57 to /home/arvid/Documents/curseforge/minecraft/Install/assets/objects/45/4520bc7348647bf6d87da98ed3c94e10cb44bc57. Error: Failed downloading file: /home/arvid/Documents/curseforge/minecraft/Install/assets/objects/45/4520bc7348647bf6d87da98ed3c94e10cb44bc57.
[2026-07-23 20:30:31.986] [error] [DownloadAssetsAction] Failed to download asset: 4520bc7348647bf6d87da98ed3c94e10cb44bc57 to path: /home/arvid/Documents/curseforge/minecraft/Install/assets/objects/45/4520bc7348647bf6d87da98ed3c94e10cb44bc57. Error: Failed to download file: https://resources.download.minecraft.net/45/4520bc7348647bf6d87da98ed3c94e10cb44bc57 to /home/arvid/Documents/curseforge/minecraft/Install/assets/objects/45/4520bc7348647bf6d87da98ed3c94e10cb44bc57
[2026-07-23 20:30:31.989] [error] [Radiuminator] Failed to download file: https://resources.download.minecraft.net/ec/ece87e0e7e8f9237c90d7ed06365d63bf1395ebb to /home/arvid/Documents/curseforge/minecraft/Install/assets/objects/ec/ece87e0e7e8f9237c90d7ed06365d63bf1395ebb. Error: Failed downloading file: /home/arvid/Documents/curseforge/minecraft/Install/assets/objects/ec/ece87e0e7e8f9237c90d7ed06365d63bf1395ebb.
[2026-07-23 20:30:31.989] [error] [DownloadAssetsAction] Failed to download asset: ece87e0e7e8f9237c90d7ed06365d63bf1395ebb to path: /home/arvid/Documents/curseforge/minecraft/Install/assets/objects/ec/ece87e0e7e8f9237c90d7ed06365d63bf1395ebb. Error: Failed to download file: https://resources.download.minecraft.net/ec/ece87e0e7e8f9237c90d7ed06365d63bf1395ebb to /home/arvid/Documents/curseforge/minecraft/Install/assets/objects/ec/ece87e0e7e8f9237c90d7ed06365d63bf1395ebb
[2026-07-23 20:30:31.991] [error] [Radiuminator] Failed to download file: https://resources.download.minecraft.net/d3/d3171448351e2d7cd8e6d0e391ad30cbedf1d51e to /home/arvid/Documents/curseforge/minecraft/Install/assets/objects/d3/d3171448351e2d7cd8e6d0e391ad30cbedf1d51e. Error: Failed downloading file: /home/arvid/Documents/curseforge/minecraft/Install/assets/objects/d3/d3171448351e2d7cd8e6d0e391ad30cbedf1d51e.
[2026-07-23 20:30:31.991] [error] [DownloadAssetsAction] Failed to download asset: d3171448351e2d7cd8e6d0e391ad30cbedf1d51e to path: /home/arvid/Documents/curseforge/minecraft/Install/assets/objects/d3/d3171448351e2d7cd8e6d0e391ad30cbedf1d51e. Error: Failed to download file: https://resources.download.minecraft.net/d3/d3171448351e2d7cd8e6d0e391ad30cbedf1d51e to /home/arvid/Documents/curseforge/minecraft/Install/assets/objects/d3/d3171448351e2d7cd8e6d0e391ad30cbedf1d51e
[2026-07-23 20:30:31.993] [error] [Radiuminator] Failed to download file: https://resources.download.minecraft.net/b1/b137be2a065c6009f0bdce78f4e0861d3060d5d0 to /home/arvid/Documents/curseforge/minecraft/Install/assets/objects/b1/b137be2a065c6009f0bdce78f4e0861d3060d5d0. Error: Failed downloading file: /home/arvid/Documents/curseforge/minecraft/Install/assets/objects/b1/b137be2a065c6009f0bdce78f4e0861d3060d5d0.
[2026-07-23 20:30:31.993] [error] [DownloadAssetsAction] Failed to download asset: b137be2a065c6009f0bdce78f4e0861d3060d5d0 to path: /home/arvid/Documents/curseforge/minecraft/Install/assets/objects/b1/b137be2a065c6009f0bdce78f4e0861d3060d5d0. Error: Failed to download file: https://resources.download.minecraft.net/b1/b137be2a065c6009f0bdce78f4e0861d3060d5d0 to /home/arvid/Documents/curseforge/minecraft/Install/assets/objects/b1/b137be2a065c6009f0bdce78f4e0861d3060d5d0
[2026-07-23 20:30:31.996] [error] [Radiuminator] Failed to download file: https://resources.download.minecraft.net/0d/0dd9e291f62759f032b893ef5e7b0c22d3345c14 to /home/arvid/Documents/curseforge/minecraft/Install/assets/objects/0d/0dd9e291f62759f032b893ef5e7b0c22d3345c14. Error: Failed downloading file: /home/arvid/Documents/curseforge/minecraft/Install/assets/objects/0d/0dd9e291f62759f032b893ef5e7b0c22d3345c14.
[2026-07-23 20:30:31.996] [error] [DownloadAssetsAction] Failed to download asset: 0dd9e291f62759f032b893ef5e7b0c22d3345c14 to path: /home/arvid/Documents/curseforge/minecraft/Install/assets/objects/0d/0dd9e291f62759f032b893ef5e7b0c22d3345c14. Error: Failed to download file: https://resources.download.minecraft.net/0d/0dd9e291f62759f032b893ef5e7b0c22d3345c14 to /home/arvid/Documents/curseforge/minecraft/Install/assets/objects/0d/0dd9e291f62759f032b893ef5e7b0c22d3345c14
[2026-07-23 20:30:31.998] [error] [Radiuminator] Failed to download file: https://resources.download.minecraft.net/db/db376f1466e6dc43054fa1e4fa797f87df9290c8 to /home/arvid/Documents/curseforge/minecraft/Install/assets/objects/db/db376f1466e6dc43054fa1e4fa797f87df9290c8. Error: Failed downloading file: /home/arvid/Documents/curseforge/minecraft/Install/assets/objects/db/db376f1466e6dc43054fa1e4fa797f87df9290c8.
[2026-07-23 20:30:31.999] [error] [DownloadAssetsAction] Failed to download asset: db376f1466e6dc43054fa1e4fa797f87df9290c8 to path: /home/arvid/Documents/curseforge/minecraft/Install/assets/objects/db/db376f1466e6dc43054fa1e4fa797f87df9290c8. Error: Failed to download file: https://resources.download.minecraft.net/db/db376f1466e6dc43054fa1e4fa797f87df9290c8 to /home/arvid/Documents/curseforge/minecraft/Install/assets/objects/db/db376f1466e6dc43054fa1e4fa797f87df9290c8
[2026-07-23 20:30:32.001] [info]  [EleriumCommunicationLayer] Request - GET v1/categories - params: {"gameId":432,"classesOnly":true}.
[2026-07-23 20:30:32.006] [info]  [EleriumCommunicationLayer] Request - GET v1/categories - params: {"gameId":432}.
[2026-07-23 20:30:32.042] [error] [Radiuminator] Failed to download file: https://resources.download.minecraft.net/d7/d75da0e9ae674c403866979d9957988fd8b09b06 to /home/arvid/Documents/curseforge/minecraft/Install/assets/objects/d7/d75da0e9ae674c403866979d9957988fd8b09b06. Error: Failed downloading file: /home/arvid/Documents/curseforge/minecraft/Install/assets/objects/d7/d75da0e9ae674c403866979d9957988fd8b09b06.
[2026-07-23 20:30:32.042] [error] [DownloadAssetsAction] Failed to download asset: d75da0e9ae674c403866979d9957988fd8b09b06 to path: /home/arvid/Documents/curseforge/minecraft/Install/assets/objects/d7/d75da0e9ae674c403866979d9957988fd8b09b06. Error: Failed to download file: https://resources.download.minecraft.net/d7/d75da0e9ae674c403866979d9957988fd8b09b06 to /home/arvid/Documents/curseforge/minecraft/Install/assets/objects/d7/d75da0e9ae674c403866979d9957988fd8b09b06
[2026-07-23 20:30:32.116] [info]  [NetworkStatusChangedEventHandler] Network Status Changed, Status:Online.
[2026-07-23 20:31:43.692] [error] [Radiuminator] Failed to download file: https://resources.download.minecraft.net/14/14029d584503ceae06997bd88221c59856914d05 to /home/arvid/Documents/curseforge/minecraft/Install/assets/objects/14/14029d584503ceae06997bd88221c59856914d05. Error: Failed downloading file: /home/arvid/Documents/curseforge/minecraft/Install/assets/objects/14/14029d584503ceae06997bd88221c59856914d05.
[2026-07-23 20:31:43.692] [error] [DownloadAssetsAction] Failed to download asset: 14029d584503ceae06997bd88221c59856914d05 to path: /home/arvid/Documents/curseforge/minecraft/Install/assets/objects/14/14029d584503ceae06997bd88221c59856914d05. Error: Failed to download file: https://resources.download.minecraft.net/14/14029d584503ceae06997bd88221c59856914d05 to /home/arvid/Documents/curseforge/minecraft/Install/assets/objects/14/14029d584503ceae06997bd88221c59856914d05
[2026-07-23 20:32:13.270] [error] [Radiuminator] Failed to download file: https://resources.download.minecraft.net/74/74d8eba4e23664a6b6d710e55950567040bbc0c9 to /home/arvid/Documents/curseforge/minecraft/Install/assets/objects/74/74d8eba4e23664a6b6d710e55950567040bbc0c9. Error: Failed downloading file: /home/arvid/Documents/curseforge/minecraft/Install/assets/objects/74/74d8eba4e23664a6b6d710e55950567040bbc0c9.
[2026-07-23 20:32:13.271] [error] [DownloadAssetsAction] Failed to download asset: 74d8eba4e23664a6b6d710e55950567040bbc0c9 to path: /home/arvid/Documents/curseforge/minecraft/Install/assets/objects/74/74d8eba4e23664a6b6d710e55950567040bbc0c9. Error: Failed to download file: https://resources.download.minecraft.net/74/74d8eba4e23664a6b6d710e55950567040bbc0c9 to /home/arvid/Documents/curseforge/minecraft/Install/assets/objects/74/74d8eba4e23664a6b6d710e55950567040bbc0c9
[2026-07-23 20:32:19.609] [info]  [NetworkStatusChangedEventHandler] Network Status Changed, Status:Offline.
[2026-07-23 20:32:20.512] [info]  [NetworkStatusChangedEventHandler] Network Status Changed, Status:Offline.
[2026-07-23 20:32:23.713] [info]  [NetworkStatusChangedEventHandler] Network Status Changed, Status:Online.
[2026-07-23 20:33:07.352] [error] [Radiuminator] Failed to download file: https://resources.download.minecraft.net/69/6977300f83c4230f4d24d89df3892a755ba5b08d to /home/arvid/Documents/curseforge/minecraft/Install/assets/objects/69/6977300f83c4230f4d24d89df3892a755ba5b08d. Error: Failed downloading file: /home/arvid/Documents/curseforge/minecraft/Install/assets/objects/69/6977300f83c4230f4d24d89df3892a755ba5b08d.
[2026-07-23 20:33:07.352] [error] [DownloadAssetsAction] Failed to download asset: 6977300f83c4230f4d24d89df3892a755ba5b08d to path: /home/arvid/Documents/curseforge/minecraft/Install/assets/objects/69/6977300f83c4230f4d24d89df3892a755ba5b08d. Error: Failed to download file: https://resources.download.minecraft.net/69/6977300f83c4230f4d24d89df3892a755ba5b08d to /home/arvid/Documents/curseforge/minecraft/Install/assets/objects/69/6977300f83c4230f4d24d89df3892a755ba5b08d
[2026-07-23 20:34:09.317] [error] [Radiuminator] Failed to download file: https://resources.download.minecraft.net/70/70404bf7f36e330293abe69d4afa6d615b5a38fe to /home/arvid/Documents/curseforge/minecraft/Install/assets/objects/70/70404bf7f36e330293abe69d4afa6d615b5a38fe. Error: Failed downloading file: /home/arvid/Documents/curseforge/minecraft/Install/assets/objects/70/70404bf7f36e330293abe69d4afa6d615b5a38fe.
[2026-07-23 20:34:09.317] [error] [DownloadAssetsAction] Failed to download asset: 70404bf7f36e330293abe69d4afa6d615b5a38fe to path: /home/arvid/Documents/curseforge/minecraft/Install/assets/objects/70/70404bf7f36e330293abe69d4afa6d615b5a38fe. Error: Failed to download file: https://resources.download.minecraft.net/70/70404bf7f36e330293abe69d4afa6d615b5a38fe to /home/arvid/Documents/curseforge/minecraft/Install/assets/objects/70/70404bf7f36e330293abe69d4afa6d615b5a38fe
[2026-07-23 20:36:35.526] [info]  [NetworkStatusChangedEventHandler] Network Status Changed, Status:Offline.
[2026-07-23 20:36:36.439] [info]  [NetworkStatusChangedEventHandler] Network Status Changed, Status:Offline.
[2026-07-23 20:36:38.487] [info]  [NetworkStatusChangedEventHandler] Network Status Changed, Status:Online.
[2026-07-23 20:37:11.806] [info]  [NetworkStatusChangedEventHandler] Network Status Changed, Status:Offline.
[2026-07-23 20:37:13.502] [info]  [NetworkStatusChangedEventHandler] Network Status Changed, Status:Online.
[2026-07-23 20:38:38.963] [info]  [AppUpdatePeriodicChecker] Running periodic app update check.
[2026-07-23 20:38:38.964] [info]  [AppUpdateServiceImpl] Checking for available application updates. Current app version is 1.314.0-36643.
[2026-07-23 20:38:39.984] [info]  [AppUpdateStateChangedEventHandler] App update state changed: [object Object].
[2026-07-23 20:38:39.984] [info]  [AppUpdateServiceImpl] No updates are available for the app..
[2026-07-23 20:38:39.984] [info]  [AppUpdatePeriodicChecker] No app update. Scheduling the next update check in 900000 milliseconds.
[2026-07-23 20:44:20.457] [error] [Radiuminator] Failed to download file: https://resources.download.minecraft.net/64/64cfc7092b4e538df1eed7c16060a58c73b282e8 to /home/arvid/Documents/curseforge/minecraft/Install/assets/objects/64/64cfc7092b4e538df1eed7c16060a58c73b282e8. Error: Failed downloading file: /home/arvid/Documents/curseforge/minecraft/Install/assets/objects/64/64cfc7092b4e538df1eed7c16060a58c73b282e8.
[2026-07-23 20:44:20.458] [error] [DownloadAssetsAction] Failed to download asset: 64cfc7092b4e538df1eed7c16060a58c73b282e8 to path: /home/arvid/Documents/curseforge/minecraft/Install/assets/objects/64/64cfc7092b4e538df1eed7c16060a58c73b282e8. Error: Failed to download file: https://resources.download.minecraft.net/64/64cfc7092b4e538df1eed7c16060a58c73b282e8 to /home/arvid/Documents/curseforge/minecraft/Install/assets/objects/64/64cfc7092b4e538df1eed7c16060a58c73b282e8
[2026-07-23 20:44:43.501] [error] [Radiuminator] Failed to download file: https://resources.download.minecraft.net/f4/f4295ee1aedc15ce0eba2e06c4decb446c8d076b to /home/arvid/Documents/curseforge/minecraft/Install/assets/objects/f4/f4295ee1aedc15ce0eba2e06c4decb446c8d076b. Error: Failed downloading file: /home/arvid/Documents/curseforge/minecraft/Install/assets/objects/f4/f4295ee1aedc15ce0eba2e06c4decb446c8d076b.
[2026-07-23 20:44:43.502] [error] [DownloadAssetsAction] Failed to download asset: f4295ee1aedc15ce0eba2e06c4decb446c8d076b to path: /home/arvid/Documents/curseforge/minecraft/Install/assets/objects/f4/f4295ee1aedc15ce0eba2e06c4decb446c8d076b. Error: Failed to download file: https://resources.download.minecraft.net/f4/f4295ee1aedc15ce0eba2e06c4decb446c8d076b to /home/arvid/Documents/curseforge/minecraft/Install/assets/objects/f4/f4295ee1aedc15ce0eba2e06c4decb446c8d076b
[2026-07-23 20:44:44.425] [error] [Radiuminator] Failed to download file: https://resources.download.minecraft.net/56/5645a0271b59de40793a6e6413bf2e6478702d9c to /home/arvid/Documents/curseforge/minecraft/Install/assets/objects/56/5645a0271b59de40793a6e6413bf2e6478702d9c. Error: Failed downloading file: /home/arvid/Documents/curseforge/minecraft/Install/assets/objects/56/5645a0271b59de40793a6e6413bf2e6478702d9c.
[2026-07-23 20:44:44.425] [error] [DownloadAssetsAction] Failed to download asset: 5645a0271b59de40793a6e6413bf2e6478702d9c to path: /home/arvid/Documents/curseforge/minecraft/Install/assets/objects/56/5645a0271b59de40793a6e6413bf2e6478702d9c. Error: Failed to download file: https://resources.download.minecraft.net/56/5645a0271b59de40793a6e6413bf2e6478702d9c to /home/arvid/Documents/curseforge/minecraft/Install/assets/objects/56/5645a0271b59de40793a6e6413bf2e6478702d9c
[2026-07-23 20:45:51.149] [info]  [NetworkStatusChangedEventHandler] Network Status Changed, Status:Offline.
[2026-07-23 20:45:52.065] [info]  [NetworkStatusChangedEventHandler] Network Status Changed, Status:Offline.
[2026-07-23 20:45:54.411] [info]  [NetworkStatusChangedEventHandler] Network Status Changed, Status:Online.
[2026-07-23 20:46:27.356] [info]  [NetworkStatusChangedEventHandler] Network Status Changed, Status:Offline.
[2026-07-23 20:46:29.635] [info]  [NetworkStatusChangedEventHandler] Network Status Changed, Status:Online.
[2026-07-23 20:46:59.609] [info]  [BackgroundController] Request to show app from tray ....
[2026-07-23 20:48:21.696] [info]  [ModpacksAppServiceImpl] Getting game 432 installed modpacks.
[2026-07-23 20:48:21.700] [info]  [MeasurementAppServiceImpl] starting measurement game-dau.
[2026-07-23 20:48:21.706] [info]  [MinecraftLoginAppServiceImpl] Get Microsoft Users Info.
[2026-07-23 20:48:21.708] [info]  [MinecraftLoginAppServiceImpl] Get Microsoft Users Info.
[2026-07-23 20:48:21.929] [info]  [MinecraftLoginAppServiceImpl] Get Microsoft User Info.
[2026-07-23 20:48:21.929] [info]  [MinecraftLoginAppServiceImpl] Get Microsoft User Info.
[2026-07-23 20:48:24.129] [info]  [ModpacksAppServiceImpl] Getting installed modpack 877f9167-63dc-4953-bbb3-9b454431c579.
[2026-07-23 20:48:31.700] [info]  [AnalyticsStorageManager] Already tracked cf_daily_active_user_per_game_v2_gameId.432 today.
[2026-07-23 20:48:31.701] [info]  [AnalyticsService] trackDailyUnique is unique: false.
[2026-07-23 20:53:39.988] [info]  [AppUpdatePeriodicChecker] Running periodic app update check.
[2026-07-23 20:53:39.989] [info]  [AppUpdateServiceImpl] Checking for available application updates. Current app version is 1.314.0-36643.
[2026-07-23 20:53:42.578] [info]  [AppUpdateStateChangedEventHandler] App update state changed: [object Object].
[2026-07-23 20:53:42.578] [info]  [AppUpdateServiceImpl] No updates are available for the app..
[2026-07-23 20:53:42.578] [info]  [AppUpdatePeriodicChecker] No app update. Scheduling the next update check in 900000 milliseconds.
[2026-07-23 20:56:03.717] [info]  [JavaService] Installing specific java version [object Object]....
[2026-07-23 20:56:04.575] [error] [JavaService] failed to install specific java version [object Object]: TypeError: Cannot read properties of undefined (reading 'binaries').
[2026-07-23 20:56:04.575] [warn]  [JavaService] Unable to install a specific version required for java 21. Specific version is: [object Object]. Installing the latest....
[2026-07-23 20:56:04.575] [info]  [ElectronIOServiceImpl] Deleting folder: /home/arvid/Documents/curseforge/minecraft/Install/java/java-runtime-delta.
[2026-07-23 20:56:05.477] [info]  [ElectronIOServiceImpl] Getting folder: 0.
[2026-07-23 20:56:28.607] [info]  [ElectronIOServiceImpl] Extracting file: /tmp/5e8f3d4d-421d-4455-ba1c-ddfaad4747d2/OpenJDK21U-jre_x64_linux_hotspot_21.0.11_10.tar.gz to /tmp/5e8f3d4d-421d-4455-ba1c-ddfaad4747d2.
[2026-07-23 20:56:29.753] [info]  [ElectronIOServiceImpl] Moving folder: /tmp/5e8f3d4d-421d-4455-ba1c-ddfaad4747d2/jdk-21.0.11+10-jre to: /home/arvid/Documents/curseforge/minecraft/Install/java/java-runtime-delta.
[2026-07-23 20:56:29.924] [info]  [ElectronIOServiceImpl] Deleting folder: /tmp/5e8f3d4d-421d-4455-ba1c-ddfaad4747d2/jdk-21.0.11+10-jre.
[2026-07-23 20:56:29.945] [info]  [ElectronIOServiceImpl] Deleting folder: /tmp/5e8f3d4d-421d-4455-ba1c-ddfaad4747d2.
[2026-07-23 20:56:29.946] [info]  [GameLaunchingEventHandler] Game 432 is launching.
[2026-07-23 20:56:29.948] [info]  [ElectronRunProcessServiceImpl] Running process: /home/arvid/Documents/curseforge/minecraft/Install/java/java-runtime-delta/bin/java, createWindow: true.
[2026-07-23 20:56:44.238] [info]  [GameSessionStartedEventHandler] Game: 432, instance: 877f9167-63dc-4953-bbb3-9b454431c579 started.
[2026-07-23 20:56:44.241] [info]  [OperationCompletedEventHandler] Operation Completed, Id: 877f9167-63dc-4953-bbb3-9b454431c579. Outcome: Completed.
[2026-07-23 20:56:44.243] [info]  [ModpacksAppServiceImpl] Getting installed modpack 877f9167-63dc-4953-bbb3-9b454431c579.
[2026-07-23 20:56:44.245] [info]  [ModpacksAppServiceImpl] Getting installed modpack 877f9167-63dc-4953-bbb3-9b454431c579.
[2026-07-23 20:56:44.251] [info]  [GameInstanceChangedEventHandler] Game instance changed: 877f9167-63dc-4953-bbb3-9b454431c579 - ["Saved"].
[2026-07-23 20:56:44.272] [info]  [ModpackChangedEventHandler] Modpack 877f9167-63dc-4953-bbb3-9b454431c579 changed.
[2026-07-23 21:08:42.580] [info]  [AppUpdatePeriodicChecker] Running periodic app update check.
[2026-07-23 21:08:42.582] [info]  [AppUpdateServiceImpl] Checking for available application updates. Current app version is 1.314.0-36643.
[2026-07-23 21:08:44.264] [info]  [AppUpdateStateChangedEventHandler] App update state changed: [object Object].
[2026-07-23 21:08:44.264] [info]  [AppUpdateServiceImpl] No updates are available for the app..
[2026-07-23 21:08:44.265] [info]  [AppUpdatePeriodicChecker] No app update. Scheduling the next update check in 900000 milliseconds.
[2026-07-23 21:12:27.739] [info]  [NetworkStatusChangedEventHandler] Network Status Changed, Status:Offline.
[2026-07-23 21:12:28.861] [info]  [NetworkStatusChangedEventHandler] Network Status Changed, Status:Online.
[2026-07-23 21:23:44.268] [info]  [AppUpdatePeriodicChecker] Running periodic app update check.
[2026-07-23 21:23:44.268] [info]  [AppUpdateServiceImpl] Checking for available application updates. Current app version is 1.314.0-36643.
[2026-07-23 21:23:45.732] [info]  [AppUpdateStateChangedEventHandler] App update state changed: [object Object].
[2026-07-23 21:23:45.732] [info]  [AppUpdateServiceImpl] No updates are available for the app..
[2026-07-23 21:23:45.732] [info]  [AppUpdatePeriodicChecker] No app update. Scheduling the next update check in 900000 milliseconds.
[2026-07-23 21:29:13.252] [info]  [NetworkStatusChangedEventHandler] Network Status Changed, Status:Offline.
[2026-07-23 21:30:04.862] [info]  [NetworkStatusChangedEventHandler] Network Status Changed, Status:Online.
[2026-07-23 21:38:45.735] [info]  [AppUpdatePeriodicChecker] Running periodic app update check.
[2026-07-23 21:38:45.736] [info]  [AppUpdateServiceImpl] Checking for available application updates. Current app version is 1.314.0-36643.
[2026-07-23 21:38:46.589] [info]  [AppUpdateStateChangedEventHandler] App update state changed: [object Object].
[2026-07-23 21:38:46.589] [info]  [AppUpdateServiceImpl] No updates are available for the app..
[2026-07-23 21:38:46.589] [info]  [AppUpdatePeriodicChecker] No app update. Scheduling the next update check in 900000 milliseconds.
[2026-07-23 21:53:46.592] [info]  [AppUpdatePeriodicChecker] Running periodic app update check.
[2026-07-23 21:53:46.593] [info]  [AppUpdateServiceImpl] Checking for available application updates. Current app version is 1.314.0-36643.
[2026-07-23 21:54:26.634] [error] [AutoUpdaterWrapper] Electron Updater - App auto updater error has occurred. net::ERR_NAME_NOT_RESOLVED..
[2026-07-23 21:54:26.634] [info]  [AppUpdateStateChangedEventHandler] App update state changed: [object Object].
[2026-07-23 21:54:26.634] [error] [AppUpdatePeriodicChecker] An error occurred while periodically checking for app updates. Error: net::ERR_NAME_NOT_RESOLVED
[2026-07-23 21:55:02.660] [info]  [NetworkStatusChangedEventHandler] Network Status Changed, Status:Offline.
[2026-07-23 22:01:48.053] [info]  [NetworkStatusChangedEventHandler] Network Status Changed, Status:Online.
[2026-07-23 22:09:26.636] [info]  [AppUpdatePeriodicChecker] Running periodic app update check.
[2026-07-23 22:09:26.636] [info]  [AppUpdateServiceImpl] Checking for available application updates. Current app version is 1.314.0-36643.
[2026-07-23 22:09:27.930] [info]  [AppUpdateStateChangedEventHandler] App update state changed: [object Object].
[2026-07-23 22:09:27.930] [info]  [AppUpdateServiceImpl] No updates are available for the app..
[2026-07-23 22:09:27.930] [info]  [AppUpdatePeriodicChecker] No app update. Scheduling the next update check in 900000 milliseconds.
[2026-07-23 22:12:19.336] [info]  [NetworkStatusChangedEventHandler] Network Status Changed, Status:Offline.
[2026-07-23 22:12:20.195] [info]  [NetworkStatusChangedEventHandler] Network Status Changed, Status:Offline.
[2026-07-23 22:12:20.288] [info]  [EleriumCommunicationLayer] Request - GET v1/categories - params: {"gameId":432,"classesOnly":true}.
[2026-07-23 22:12:20.291] [info]  [EleriumCommunicationLayer] Request - GET v1/categories - params: {"gameId":432}.
[2026-07-23 22:12:20.441] [info]  [NetworkStatusChangedEventHandler] Network Status Changed, Status:Online.
[2026-07-23 22:24:27.934] [info]  [AppUpdatePeriodicChecker] Running periodic app update check.
[2026-07-23 22:24:27.936] [info]  [AppUpdateServiceImpl] Checking for available application updates. Current app version is 1.314.0-36643.
[2026-07-23 22:24:28.864] [info]  [AppUpdateStateChangedEventHandler] App update state changed: [object Object].
[2026-07-23 22:24:28.865] [info]  [AppUpdateServiceImpl] No updates are available for the app..
[2026-07-23 22:24:28.865] [info]  [AppUpdatePeriodicChecker] No app update. Scheduling the next update check in 900000 milliseconds.
[2026-07-23 22:32:41.123] [info]  [NetworkStatusChangedEventHandler] Network Status Changed, Status:Offline.
[2026-07-23 22:32:41.373] [info]  [NetworkStatusChangedEventHandler] Network Status Changed, Status:Online.
[2026-07-23 22:37:58.011] [info]  [NetworkStatusChangedEventHandler] Network Status Changed, Status:Offline.
[2026-07-23 23:05:31.145] [info]  [NetworkStatusChangedEventHandler] Network Status Changed, Status:Offline.
[2026-07-23 23:05:31.204] [info]  [EleriumCommunicationLayer] Request - GET v1/categories - params: {"gameId":432,"classesOnly":true}.
[2026-07-23 23:05:31.207] [info]  [EleriumCommunicationLayer] Request - GET v1/categories - params: {"gameId":432}.
[2026-07-23 23:05:31.359] [info]  [NetworkStatusChangedEventHandler] Network Status Changed, Status:Online.
[2026-07-23 23:05:54.552] [info]  [NetworkStatusChangedEventHandler] Network Status Changed, Status:Offline.
[2026-07-23 23:30:34.291] [info]  [NetworkStatusChangedEventHandler] Network Status Changed, Status:Offline.
[2026-07-23 23:30:34.558] [info]  [NetworkStatusChangedEventHandler] Network Status Changed, Status:Online.
[2026-07-23 23:30:57.515] [info]  [NetworkStatusChangedEventHandler] Network Status Changed, Status:Offline.
[2026-07-23 23:59:21.268] [info]  [NetworkStatusChangedEventHandler] Network Status Changed, Status:Offline.
[2026-07-23 23:59:21.319] [info]  [EleriumCommunicationLayer] Request - GET v1/categories - params: {"gameId":432,"classesOnly":true}.
[2026-07-23 23:59:21.322] [info]  [EleriumCommunicationLayer] Request - GET v1/categories - params: {"gameId":432}.
[2026-07-23 23:59:21.471] [info]  [NetworkStatusChangedEventHandler] Network Status Changed, Status:Online.
[2026-07-23 23:59:41.458] [info]  [AppUpdatePeriodicChecker] Running periodic app update check.
[2026-07-23 23:59:41.459] [info]  [AppUpdateServiceImpl] Checking for available application updates. Current app version is 1.314.0-36643.
[2026-07-23 23:59:42.132] [info]  [AppUpdateStateChangedEventHandler] App update state changed: [object Object].
[2026-07-23 23:59:42.133] [info]  [AppUpdateServiceImpl] No updates are available for the app..
[2026-07-23 23:59:42.133] [info]  [AppUpdatePeriodicChecker] No app update. Scheduling the next update check in 900000 milliseconds.
[2026-07-23 23:59:42.643] [info]  [NetworkStatusChangedEventHandler] Network Status Changed, Status:Offline.
[2026-07-24 00:29:57.158] [info]  [NetworkStatusChangedEventHandler] Network Status Changed, Status:Offline.
[2026-07-24 00:29:57.264] [info]  [EleriumCommunicationLayer] Request - GET v1/categories - params: {"gameId":432,"classesOnly":true}.
[2026-07-24 00:29:57.268] [info]  [EleriumCommunicationLayer] Request - GET v1/categories - params: {"gameId":432}.
[2026-07-24 00:29:57.497] [info]  [NetworkStatusChangedEventHandler] Network Status Changed, Status:Online.
[2026-07-24 00:30:20.694] [info]  [NetworkStatusChangedEventHandler] Network Status Changed, Status:Offline.
[2026-07-24 01:01:32.291] [info]  [NetworkStatusChangedEventHandler] Network Status Changed, Status:Offline.
[2026-07-24 01:01:32.327] [info]  [EleriumCommunicationLayer] Request - GET v1/categories - params: {"gameId":432,"classesOnly":true}.
[2026-07-24 01:01:32.331] [info]  [EleriumCommunicationLayer] Request - GET v1/categories - params: {"gameId":432}.
[2026-07-24 01:01:32.483] [info]  [NetworkStatusChangedEventHandler] Network Status Changed, Status:Online.
[2026-07-24 01:01:55.656] [info]  [NetworkStatusChangedEventHandler] Network Status Changed, Status:Offline.
[2026-07-24 01:02:08.174] [info]  [NetworkStatusChangedEventHandler] Network Status Changed, Status:Offline.
[2026-07-24 01:02:08.419] [info]  [NetworkStatusChangedEventHandler] Network Status Changed, Status:Online.
[2026-07-24 01:02:12.881] [info]  [ProcessExitedEventHandler] Process exited:.
[2026-07-24 01:02:12.881] [info]  [ProcessExitedEventHandler] Game session instance 877f9167-63dc-4953-bbb3-9b454431c579 exited with exit code 0.
[2026-07-24 01:02:12.953] [info]  [DesktopWindow] Desktop window closed.
[2026-07-24 01:02:12.954] [info]  [SessionsService] session ended.
[2026-07-24 01:02:12.954] [info]  [BackgroundController] Shutting down....
[2026-07-24 01:02:12.954] [info]  [BackgroundController] Destroying app windows....
[2026-07-24 01:02:12.955] [info]  [AutoUpdateServiceImpl] Stopping auto update service.
[2026-07-24 01:02:12.955] [info]  [CoreServiceImpl] Performing shutdown cleanup actions.
[2026-07-24 01:02:12.956] [info]  [InstalledProjectsAppServiceImpl] Cleanup - committing deletion transactions.
[2026-07-24 01:02:12.956] [info]  [InstalledProjectsAppServiceImpl] Flushing 0 projects which are pending deletion.
[2026-07-24 01:02:12.956] [info]  [CoreServiceImpl] Shutdown cleanup actions complete.
[2026-07-24 01:02:12.956] [info]  [PluginCommunication] Shutting down the Mods Agent.
